Prénom;Nom;Date de décès;Âge;Année de naissance;Catégorie;Fichier image
Gérard;Blain;17/12/2000;70;1930;Acteurs;gerard-blain.jpg
Jacques;Goddet;15/12/2000;95;1905;Journalistes;jacques-goddet.jpg
Danielle;Volle;24/11/2000;63;1937;Acteurs;danielle-volle.jpg
Christian;Marquand;22/11/2000;73;1927;Acteurs;christian-marquand.jpg
Franck;Pourcel;12/11/2000;87;1913;Chefs d'orchestre;franck-pourcel.jpg
Jacques;Chaban-Delmas;10/11/2000;85;1915;Responsables politiques;jacques-chaban-delmas.jpg
Roger;Peyrefitte;05/11/2000;93;1907;Écrivains;roger-peyrefitte.jpg
Georges;Poujouly;28/10/2000;60;1940;Acteurs;georges-poujouly.jpg
Gilbert;Carpentier;18/09/2000;80;1920;Producteurs;gilbert-carpentier.jpg
Odette;Joyeux;26/08/2000;85;1915;Acteurs;odette-joyeux.jpg
Claude;Sautet;22/07/2000;76;1924;Réalisateurs;claude-sautet.jpg
Pascale;Audret;17/07/2000;64;1936;Acteurs;pascale-audret.jpg
Henri;Gault;09/07/2000;70;1930;Journalistes;henri-gault.jpg
Frédéric;Dard;06/06/2000;78;1922;Écrivains;frederic-dard.jpg
C.;Jérôme;14/03/2000;53;1947;Chanteurs;c-jerome.jpg
Roger;Vadim;11/02/2000;72;1928;Réalisateurs;roger-vadim.jpg
Claude;Autant-Lara;05/02/2000;98;1902;Réalisateurs;claude-autant-lara.jpg
Alain;Poiré;14/01/2000;82;1918;Producteurs;alain-poire.jpg
Jacques;Mayol;22/12/2001;74;1927;Sportifs;jacques-mayol.jpg
Gilbert;Bécaud;18/12/2001;74;1927;Chanteurs;gilbert-becaud.jpg
Frédéric;de Pasquale;17/12/2001;70;1931;Acteurs;frederic-de-pasquale.jpg
Jean;Richard;12/12/2001;80;1921;Acteurs;jean-richard.jpg
Édouard;Duleu;26/10/2001;92;1909;Musiciens;edouard-duleu.jpg
Philippe;Léotard;25/08/2001;60;1941;Acteurs;philippe-leotard.jpg
;Morris;16/07/2001;77;1924;Dessinateurs;morris.jpg
Corinne;Calvet;23/06/2001;76;1925;Acteurs;corinne-calvet.jpg
Carole;Fredericks;07/06/2001;49;1952;Chanteurs;carole-fredericks.jpg
Robert;Enrico;23/02/2001;69;1932;Réalisateurs;robert-enrico.jpg
Charles;Trenet;19/02/2001;87;1914;Chanteurs;charles-trenet.jpg
Guy;Grosso;14/02/2001;67;1934;Acteurs;guy-grosso.jpg
Gilbert;Trigano;04/02/2001;80;1921;Personnalités d’affaires;gilbert-trigano.jpg
Jean-Pierre;Aumont;30/01/2001;90;1911;Acteurs;jean-pierre-aumont.jpg
Guy;Tréjan;25/01/2001;79;1922;Acteurs;guy-trejan.jpg
Jacques;Marin;10/01/2001;81;1920;Acteurs;jacques-marin.jpg
Madeleine;Barbulée;01/01/2001;90;1911;Acteurs;madeleine-barbulee.jpg
Patrick;Bourrat;22/12/2002;50;1952;Journalistes;patrick-bourrat.jpg
Daniel;Gélin;29/11/2002;81;1921;Acteurs;daniel-gelin.jpg
Maritie;Carpentier;23/11/2002;80;1922;Producteurs;maritie-carpentier.jpg
Bernard;Fresson;20/10/2002;71;1931;Acteurs;bernard-fresson.jpg
Jean;Saudray;31/08/2002;74;1928;Acteurs;jean-saudray.jpg
Lionel;Cassan;18/08/2002;46;1956;Animateurs;lionel-cassan.jpg
François;Périer;28/06/2002;82;1920;Acteurs;francois-perier.jpg
Yves;Robert;10/05/2002;81;1921;Acteurs;yves-robert.jpg
Francis;Lemarque;20/04/2002;84;1918;Chanteurs;francis-lemarque.jpg
Geneviève;de Gaulle-Anthonioz;15/02/2002;81;1921;Divers;genevieve-de-gaulle-anthonioz.jpg
Michel;Poniatowski;15/02/2002;79;1923;Responsables politiques;michel-poniatowski.jpg
Raymond;Gérôme;03/02/2002;81;1921;Acteurs;raymond-gerome.jpg
Pierre;Bourdieu;23/01/2002;71;1931;Scientifiques;pierre-bourdieu.jpg
Henri;Verneuil;11/01/2002;81;1921;Réalisateurs;henri-verneuil.jpg
Alan;Bates;27/12/2003;69;1934;Acteurs;alan-bates.jpg
Jacques;François;25/11/2003;83;1920;Acteurs;jacques-francois.jpg
Martine;Chardon;24/11/2003;56;1947;Animateurs;martine-chardon.jpg
Loris;Azzaro;20/11/2003;70;1933;Créateurs de mode;loris-azzaro.jpg
Jean;Panzani;18/10/2003;92;1911;Personnalités d’affaires;jean-panzani.jpg
Léon;Schwartzenberg;14/10/2003;79;1924;Médecins;leon-schwartzenberg.jpg
Michel;Constantin;28/08/2003;79;1924;Acteurs;michel-constantin.jpg
Pierre;Poujade;27/08/2003;82;1921;Responsables politiques;pierre-poujade.jpg
Jacques;Deray;09/08/2003;74;1929;Réalisateurs;jacques-deray.jpg
Marie;Trintignant;01/08/2003;41;1962;Acteurs;marie-trintignant.jpg
André;Claveau;04/07/2003;91;1912;Chanteurs;andre-claveau.jpg
Hume;Cronyn;15/06/2003;91;1912;Acteurs;hume-cronyn.jpg
Guy;Lux;13/06/2003;83;1920;Animateurs;guy-lux.jpg
Michel;Peyrelon;04/06/2003;66;1937;Acteurs;michel-peyrelon.jpg
Jean;Yanne;23/05/2003;69;1934;Acteurs;jean-yanne.jpg
Jean;Drucker;18/04/2003;61;1942;Personnalités d’affaires;jean-drucker.jpg
Daniel;Ceccaldi;26/03/2003;75;1928;Acteurs;daniel-ceccaldi.jpg
Jean-Luc;Lagardère;14/03/2003;75;1928;Personnalités d’affaires;jean-luc-lagardere.jpg
Bernard;Loiseau;24/02/2003;52;1951;Cuisiniers;bernard-loiseau.jpg
Daniel;Toscan du Plantier;11/02/2003;61;1942;Producteurs;daniel-toscan-du-plantier.jpg
Henri;Krasucki;24/01/2003;78;1925;Syndicalistes;henri-krasucki.jpg
Françoise;Giroud;19/01/2003;86;1917;Journalistes;francoise-giroud.jpg
Maurice;Pialat;11/01/2003;77;1926;Réalisateurs;maurice-pialat.jpg
Eddy;Marnay;03/01/2003;82;1921;Chanteurs;eddy-marnay.jpg
Robert;Dhéry;03/12/2004;83;1921;Acteurs;robert-dhery.jpg
Philippe;de Broca;26/11/2004;71;1933;Réalisateurs;philippe-de-broca.jpg
Michel;Colombier;14/11/2004;65;1939;Compositeurs;michel-colombier.jpg
Jacques;Dynam;11/11/2004;80;1924;Acteurs;jacques-dynam.jpg
Jacques;Derrida;09/10/2004;74;1930;Philosophes;jacques-derrida.jpg
Françoise;Sagan;24/09/2004;69;1935;Écrivains;francoise-sagan.jpg
Raymond;Loyer;03/09/2004;87;1917;Acteurs;raymond-loyer.jpg
Didier;Bienaimé;07/08/2004;43;1961;Acteurs;didier-bienaime.jpg
Henri;Cartier-Bresson;03/08/2004;95;1909;Photographes;henri-cartier-bresson.jpg
Madeleine;Robinson;01/08/2004;86;1918;Acteurs;madeleine-robinson.jpg
Sacha;Distel;22/07/2004;71;1933;Chanteurs;sacha-distel.jpg
Serge;Reggiani;22/07/2004;82;1922;Acteurs;serge-reggiani.jpg
Renée;Saint-Cyr;11/07/2004;99;1905;Acteurs;renee-saint-cyr.jpg
Jean;Lefebvre;09/07/2004;84;1920;Acteurs;jean-lefebvre.jpg
Georges;de Caunes;28/06/2004;85;1919;Journalistes;georges-de-caunes.jpg
Odette;Laure;10/06/2004;87;1917;Acteurs;odette-laure.jpg
Étienne;Roda-Gil;31/05/2004;62;1942;Chanteurs;etienne-roda-gil.jpg
Jacques;Rouxel;25/04/2004;73;1931;Dessinateurs;jacques-rouxel.jpg
Philippe;Lemaire;15/03/2004;77;1927;Acteurs;philippe-lemaire.jpg
Claude;Nougaro;04/03/2004;74;1930;Chanteurs;claude-nougaro.jpg
Alex;Métayer;21/02/2004;73;1931;Humoristes;alex-metayer.jpg
Marco;Pantani;14/02/2004;34;1970;Sportifs;marco-pantani.jpg
Ticky;Holgado;22/01/2004;59;1945;Acteurs;ticky-holgado.jpg
Vincent;Schiavelli;26/12/2005;57;1948;Acteurs;vincent-schiavelli.jpg
Jacques;Dufilho;28/08/2005;91;1914;Acteurs;jacques-dufilho.jpg
Robert;Moog;21/08/2005;71;1934;Ingénieurs;robert-moog.jpg
Henri;Génès;18/08/2005;86;1919;Acteurs;henri-genes.jpg
Barbara;Bel Geddes;08/08/2005;82;1923;Acteurs;barbara-bel-geddes.jpg
Paul;Le Person;08/08/2005;74;1931;Acteurs;paul-le-person.jpg
Alain;Bombard;19/07/2005;80;1925;Médecins;alain-bombard.jpg
Geraldine;Fitzgerald;17/07/2005;91;1914;Acteurs;geraldine-fitzgerald.jpg
Maurice;Baquet;08/07/2005;94;1911;Musiciens;maurice-baquet.jpg
Luther;Vandross;01/07/2005;54;1951;Chanteurs;luther-vandross.jpg
Renée;Faure;02/05/2005;86;1919;Acteurs;renee-faure.jpg
Maria;Schell;26/04/2005;79;1926;Acteurs;maria-schell.jpg
Pierre;Bachelet;15/02/2005;60;1945;Chanteurs;pierre-bachelet.jpg
Mary;Jackson;11/02/2005;83;1922;Scientifiques;mary-jackson.webp
Henri;Poirier;08/02/2005;72;1933;Acteurs;henri-poirier.webp
Jacques;Villeret;28/01/2005;53;1952;Acteurs;jacques-villeret.jpg
Jacqueline;Joubert;09/01/2005;83;1922;Animateurs;jacqueline-joubert.jpg
Pierre;Delanoë;27/12/2006;88;1918;Chanteurs;pierre-delanoe.jpg
Gerald;Ford;26/12/2006;93;1913;Responsables politiques;gerald-ford.jpg
Allen;Carr;29/11/2006;72;1934;Écrivains;allen-carr.jpg
Philippe;Noiret;23/11/2006;76;1930;Acteurs;philippe-noiret.jpg
Anicée;Alvina;10/11/2006;53;1953;Acteurs;anicee-alvina.jpg
Jean-Jacques;Servan-Schreiber;07/11/2006;82;1924;Journalistes;jean-jacques-servan-schreiber.jpg
Paul;Mauriat;03/11/2006;81;1925;Compositeurs;paul-mauriat.jpg
Tina;Aumont;28/10/2006;60;1946;Acteurs;tina-aumont.jpg
Jacqueline;Doyen;03/09/2006;76;1930;Acteurs;jacqueline-doyen.jpg
Bernard;Rapp;17/08/2006;61;1945;Journalistes;bernard-rapp.jpg
Alfredo;Stroessner;16/08/2006;93;1913;Responsables politiques;alfredo-stroessner.jpg
Gérard;Oury;19/07/2006;87;1919;Réalisateurs;gerard-oury.jpg
Jack;Warden;19/07/2006;85;1921;Acteurs;jack-warden.jpg
Raymond;Devos;15/06/2006;83;1923;Humoristes;raymond-devos.jpg
Jean;Roba;14/06/2006;75;1931;Dessinateurs;jean-roba.jpg
Billy;Preston;06/06/2006;59;1947;Chanteurs;billy-preston.jpg
Claude;Piéplu;24/05/2006;83;1923;Acteurs;claude-pieplu.jpg
Max;Meynier;23/05/2006;68;1938;Animateurs;max-meynier.jpg
Philippe;Castelli;16/04/2006;80;1926;Acteurs;philippe-castelli.jpg
Jacques;Legras;15/03/2006;81;1925;Acteurs;jacques-legras.jpg
Darry;Cowl;14/02/2006;80;1926;Acteurs;darry-cowl.jpg
Andreas;Katsulas;13/02/2006;59;1947;Acteurs;andreas-katsulas.jpg
Thierry;Fortineau;08/02/2006;52;1954;Acteurs;thierry-fortineau.jpg
Philippe;Dumat;10/01/2006;80;1926;Acteurs;philippe-dumat.jpg
Arlette;Gruss;02/01/2006;75;1931;Divers;arlette-gruss.jpg
Benazir;Bhutto;27/12/2007;54;1953;Responsables politiques;benazir-bhutto.jpg
Philippe;Clay;13/12/2007;80;1927;Chanteurs;philippe-clay.jpg
Karlheinz;Stockhausen;05/12/2007;79;1928;Compositeurs;karlheinz-stockhausen.jpg
Maurice;Béjart;22/11/2007;80;1927;Danseurs;maurice-bejart.jpg
Pierre;Granier-Deferre;16/11/2007;80;1927;Réalisateurs;pierre-granier-deferre.jpg
Robert;Rollis;06/11/2007;86;1921;Acteurs;robert-rollis.jpg
Khun;Sa;26/10/2007;73;1934;Criminels;khun-sa.jpg
Deborah;Kerr;16/10/2007;86;1921;Acteurs;deborah-kerr.jpg
Marcel;Marceau;22/09/2007;84;1923;Acteurs;marcel-marceau.webp
Colin;McRae;15/09/2007;39;1968;Sportifs;colin-mcrae.jpg
Jacques;Martin;14/09/2007;74;1933;Animateurs;jacques-martin.jpg
Luciano;Pavarotti;06/09/2007;71;1936;Chanteurs;luciano-pavarotti.jpg
Pierre;Messmer;29/08/2007;91;1916;Responsables politiques;pierre-messmer.webp
Raymond;Barre;25/08/2007;83;1924;Responsables politiques;raymond-barre.jpg
Jean-Marie;Lustiger;05/08/2007;80;1927;Religieux;jean-marie-lustiger.jpg
Michelangelo;Antonioni;30/07/2007;94;1913;Réalisateurs;michelangelo-antonioni.jpg
Michel;Serrault;29/07/2007;79;1928;Acteurs;michel-serrault.jpg
André;Chouraqui;09/07/2007;89;1918;Avocats;andre-chouraqui.jpg
Claude;Pompidou;03/07/2007;94;1913;Premières dames;claude-pompidou.jpg
Liz;Claiborne;26/06/2007;78;1929;Créateurs de mode;liz-claiborne.jpg
Claude;Brosset;25/06/2007;63;1944;Acteurs;claude-brosset.jpg
Gianfranco;Ferré;17/06/2007;62;1945;Créateurs de mode;gianfranco-ferre.jpg
Jean-Claude;Brialy;30/05/2007;74;1933;Acteurs;jean-claude-brialy.jpg
Grégory;Lemarchal;30/04/2007;23;1984;Chanteurs;gregory-lemarchal.jpg
Gordon;Scott;30/04/2007;80;1927;Acteurs;gordon-scott.jpg
André;Valardy;30/04/2007;68;1939;Acteurs;andre-valardy.jpg
Dabbs;Greer;28/04/2007;90;1917;Acteurs;dabbs-greer.jpg
Jean-Pierre;Cassel;19/04/2007;74;1933;Acteurs;jean-pierre-cassel.jpg
Roscoe;Lee Browne;11/04/2007;84;1923;Acteurs;roscoe-lee-browne.jpg
Jacques;Courtin;23/03/2007;85;1922;Personnalités d’affaires;jacques-courtin.jpg
Lucie;Aubrac;14/03/2007;94;1913;Divers;lucie-aubrac.jpg
Gareth;Hunt;14/03/2007;65;1942;Acteurs;gareth-hunt.jpg
Henri;Troyat;03/03/2007;95;1912;Écrivains;henri-troyat.jpg
Maurice;Papon;17/02/2007;96;1911;Responsables politiques;maurice-papon.jpg
Anna;Nicole Smith;08/02/2007;39;1968;Mannequins;anna-nicole-smith.jpg
Michel;Roux;02/02/2007;77;1930;Acteurs;michel-roux.jpg
Abbé;Pierre;22/01/2007;94;1913;Religieux;abbe-pierre.jpg
Denny;Doherty;19/01/2007;66;1941;Chanteurs;denny-doherty.jpg
Momofuku;Andō;05/01/2007;96;1911;Inventeurs;momofuku-ando.jpg
Ted;Lapidus;29/12/2008;79;1929;Créateurs de mode;ted-lapidus.jpg
Eartha;Kitt;25/12/2008;81;1927;Chanteurs;eartha-kitt.jpg
Horst;Tappert;13/12/2008;85;1923;Acteurs;horst-tappert.jpg
Miriam;Makeba;09/11/2008;76;1932;Chanteurs;miriam-makeba.jpg
Jacques;Piccard;01/11/2008;86;1922;Divers;jacques-piccard.jpg
Yma;Sumac;01/11/2008;86;1922;Chanteurs;yma-sumac.jpg
Sœur;Emmanuelle;20/10/2008;99;1909;Religieux;soeur-emmanuelle.jpg
Guillaume;Depardieu;13/10/2008;37;1971;Acteurs;guillaume-depardieu.jpg
Raymond;Macherot;26/09/2008;84;1924;Dessinateurs;raymond-macherot.jpg
Paul;Newman;26/09/2008;83;1925;Acteurs;paul-newman.jpg
Pierre;Mirat;16/07/2008;84;1924;Acteurs;pierre-mirat.jpg
Raymond;Lefebvre;27/06/2008;78;1930;Chefs d'orchestre;raymond-lefebvre.jpg
George;Carlin;22/06/2008;71;1937;Humoristes;george-carlin.jpg
Jean-Claude;Bouillaud;20/06/2008;81;1927;Acteurs;jean-claude-bouillaud.jpg
Dino;Risi;07/06/2008;91;1917;Réalisateurs;dino-risi.jpg
Mel;Ferrer;02/06/2008;90;1918;Acteurs;mel-ferrer.jpg
Lucien;Jeunesse;04/05/2008;89;1919;Animateurs;lucien-jeunesse.jpg
Julie;Ege;29/04/2008;64;1944;Acteurs;julie-ege.jpg
Jacques;Morel;10/04/2008;85;1923;Acteurs;jacques-morel.jpg
Charlton;Heston;05/04/2008;84;1924;Acteurs;charlton-heston.jpg
Thierry;Gilardi;25/03/2008;49;1959;Journalistes;thierry-gilardi.jpg
Richard;Widmark;24/03/2008;93;1915;Acteurs;richard-widmark.jpg
Alain;Robbe-Grillet;18/02/2008;85;1923;Écrivains;alain-robbe-grillet.jpg
Alain;Ayache;17/02/2008;71;1937;Éditeurs;alain-ayache.jpg
Henri;Salvador;13/02/2008;90;1918;Chanteurs;henri-salvador.jpg
Roy;Scheider;10/02/2008;75;1933;Acteurs;roy-scheider.jpg
Philippe;Khorsand;29/01/2008;59;1949;Acteurs;philippe-khorsand.jpg
;Soeharto;27/01/2008;86;1922;Responsables politiques;soeharto.jpg
Brittany;Murphy;20/12/2009;32;1977;Acteurs;brittany-murphy.jpg
Kim;Peek;19/12/2009;58;1951;Divers;kim-peek.jpg
Claude;Lévi-Strauss;30/10/2009;100;1909;Scientifiques;claude-levi-strauss.jpg
Pierre;Doris;27/10/2009;89;1920;Acteurs;pierre-doris.jpg
Rosanna;Schiaffino;17/10/2009;69;1940;Acteurs;rosanna-schiaffino.jpg
;Sim;06/09/2009;83;1926;Acteurs;sim.jpg
Toni;Sailer;24/08/2009;73;1936;Sportifs;toni-sailer.jpg
André;Falcon;22/07/2009;84;1925;Acteurs;andre-falcon.jpg
Walter;Cronkite;17/07/2009;92;1917;Journalistes;walter-cronkite.jpg
Omar;Bongo;08/06/2009;73;1936;Responsables politiques;omar-bongo.jpg
Alain;Bashung;14/03/2009;61;1948;Chanteurs;alain-bashung.jpg
Vania;Vilers;22/02/2009;70;1939;Acteurs;vania-vilers.jpg
Albert;Barillé;05/02/2009;88;1921;Réalisateurs;albert-barille.jpg
Hans;Beck;30/01/2009;79;1930;Inventeurs;hans-beck.jpg
Gérard;Blanc;25/01/2009;61;1948;Chanteurs;gerard-blanc.jpg
André;Badin;23/01/2009;76;1933;Acteurs;andre-badin.jpg
Patrick;McGoohan;13/01/2009;80;1929;Acteurs;patrick-mcgoohan.jpg
Georges;Cravenne;10/01/2009;94;1915;Producteurs;georges-cravenne.jpg
Gaston;Lenôtre;08/01/2009;88;1921;Cuisiniers;gaston-lenotre.jpg
Bobby;Farrell;30/12/2010;61;1949;Chanteurs;bobby-farrell.jpg
Blake;Edwards;15/12/2010;88;1922;Réalisateurs;blake-edwards.jpg
Dino;De Laurentiis;11/11/2010;91;1919;Producteurs;dino-de-laurentiis.jpg
Jill;Clayburgh;05/11/2010;66;1944;Acteurs;jill-clayburgh.jpg
Pierre-Luc;Séguillon;31/10/2010;70;1940;Journalistes;pierre-luc-seguillon.jpg
James;MacArthur;28/10/2010;72;1938;Acteurs;james-macarthur.jpg
Paul;le poulpe;26/10/2010;2;2008;Divers;paul-le-poulpe.jpg
Gregory;Isaacs;25/10/2010;59;1951;Chanteurs;gregory-isaacs.jpg
Georges;Frêche;24/10/2010;72;1938;Responsables politiques;georges-freche.jpg
Tom;Bosley;19/10/2010;83;1927;Acteurs;tom-bosley.jpg
Bernard;Clavel;05/10/2010;87;1923;Écrivains;bernard-clavel.jpg
Tony;Curtis;29/09/2010;85;1925;Acteurs;tony-curtis.jpg
Claude;Chabrol;12/09/2010;80;1930;Réalisateurs;claude-chabrol.jpg
Laurent;Fignon;31/08/2010;50;1960;Sportifs;laurent-fignon.jpg
Alain;Corneau;30/08/2010;67;1943;Réalisateurs;alain-corneau.jpg
Bruno;Cremer;07/08/2010;80;1930;Acteurs;bruno-cremer.jpg
Philippe;Avron;31/07/2010;81;1929;Acteurs;philippe-avron.jpg
Bernard;Giraudeau;17/07/2010;63;1947;Acteurs;bernard-giraudeau.jpg
Pierre;Maguelon;10/07/2010;76;1934;Acteurs;pierre-maguelon.jpg
Sacha;Briquet;06/07/2010;80;1930;Acteurs;sacha-briquet.jpg
Laurent;Terzieff;02/07/2010;75;1935;Acteurs;laurent-terzieff.jpg
Nicolas;Hayek;28/06/2010;82;1928;Personnalités d’affaires;nicolas-hayek.jpg
Martine;Sarcey;11/06/2010;81;1929;Acteurs;martine-sarcey.jpg
Ginette;Garcin;10/06/2010;82;1928;Acteurs;ginette-garcin.jpg
Louise;Bourgeois;31/05/2010;98;1912;Sculpteurs;louise-bourgeois.jpg
Robert;Laffont;19/05/2010;93;1917;Éditeurs;robert-laffont.jpg
Lynn;Redgrave;02/05/2010;67;1943;Acteurs;lynn-redgrave.webp
Jacques;Dacqmine;29/03/2010;86;1924;Acteurs;jacques-dacqmine.jpg
Patrick;Topaloff;07/03/2010;65;1945;Animateurs;patrick-topaloff.jpg
Roger;Gicquel;06/03/2010;77;1933;Journalistes;roger-gicquel.jpg
Serge;Sauvion;13/02/2010;80;1930;Acteurs;serge-sauvion.jpg
Alexander;McQueen;11/02/2010;40;1970;Créateurs de mode;alexander-mcqueen.webp
Pierre;Vaneck;31/01/2010;78;1932;Acteurs;pierre-vaneck.jpg
J.;D. Salinger;27/01/2010;91;1919;Écrivains;j-d-salinger.jpg
Jean;Simmons;22/01/2010;80;1930;Acteurs;jean-simmons.jpg
Kalthoum;Sarraï;20/01/2010;47;1963;Animateurs;kalthoum-sarrai.jpg
Mano;Solo;10/01/2010;46;1964;Chanteurs;mano-solo.jpg
Philippe;Séguin;07/01/2010;66;1944;Responsables politiques;philippe-seguin.jpg
Johannes;Heesters;24/12/2011;108;1903;Acteurs;johannes-heesters.jpg
Václav;Havel;18/12/2011;75;1936;Écrivains;vaclav-havel.jpg
Danielle;Mitterrand;22/11/2011;87;1924;Premières dames;danielle-mitterrand.jpg
Robert;Party;20/11/2011;87;1924;Acteurs;robert-party.jpg
Robert;Lamoureux;29/10/2011;91;1920;Acteurs;robert-lamoureux.jpg
Charles;Napier;05/10/2011;75;1936;Acteurs;charles-napier.jpg
Paulette;Dubost;21/09/2011;100;1911;Acteurs;paulette-dubost.jpg
Patrick;Guillemin;21/08/2011;60;1951;Acteurs;patrick-guillemin.jpg
Jean;Tabary;18/08/2011;81;1930;Dessinateurs;jean-tabary.jpg
Henri;Tisot;06/08/2011;74;1937;Acteurs;henri-tisot.jpg
David;Servan-Schreiber;24/07/2011;50;1961;Médecins;david-servan-schreiber.jpg
Roland;Petit;10/07/2011;87;1924;Danseurs;roland-petit.jpg
Peter;Falk;23/06/2011;83;1928;Acteurs;peter-falk.jpg
Évelyne;Pagès;13/06/2011;69;1942;Journalistes;evelyne-pages.jpg
Maurice;Garrel;04/06/2011;88;1923;Acteurs;maurice-garrel.jpg
Bill;Hunter;21/05/2011;71;1940;Acteurs;bill-hunter.jpg
Ricet;Barrier;20/05/2011;78;1933;Chanteurs;ricet-barrier.jpg
Marie-France;Pisier;24/04/2011;66;1945;Acteurs;marie-france-pisier.jpg
Sidney;Lumet;09/04/2011;86;1925;Réalisateurs;sidney-lumet.jpg
Annie;Girardot;28/02/2011;79;1932;Acteurs;annie-girardot.jpg
Jane;Russell;28/02/2011;89;1922;Acteurs;jane-russell.jpg
Andrée;Chedid;06/02/2011;90;1921;Écrivains;andree-chedid.jpg
Brian;Jacques;05/02/2011;71;1940;Écrivains;brian-jacques.jpg
Jean;Dutourd;17/01/2011;91;1920;Écrivains;jean-dutourd.jpg
Joseph;Poli;16/01/2011;88;1923;Journalistes;joseph-poli.jpg
Jean;Topart;29/12/2012;90;1922;Acteurs;jean-topart.jpg
Jean-Louis;Blèze;24/12/2012;85;1927;Humoristes;jean-louis-bleze.jpg
Charles;Durning;24/12/2012;89;1923;Acteurs;charles-durning.webp
Maurice;Herzog;13/12/2012;93;1919;Responsables politiques;maurice-herzog.jpg
Ravi;Shankar;11/12/2012;92;1920;Compositeurs;ravi-shankar.jpg
Sylvia;Kristel;17/10/2012;60;1952;Acteurs;sylvia-kristel.jpg
Norodom;Sihanouk;15/10/2012;89;1923;Responsables politiques;norodom-sihanouk.jpg
Chadli;Bendjedid;06/10/2012;83;1929;Responsables politiques;chadli-bendjedid.jpg
Édouard;Leclerc;17/09/2012;85;1927;Personnalités d’affaires;edouard-leclerc.jpg
Pierre;Mondy;15/09/2012;87;1925;Acteurs;pierre-mondy.jpg
Jacques;Antoine;14/09/2012;88;1924;Producteurs;jacques-antoine.jpg
Christian;Marin;05/09/2012;83;1929;Acteurs;christian-marin.jpg
Griselda;Blanco;03/09/2012;69;1943;Criminels;griselda-blanco.jpg
Jean-Pierre;Lazzerini;03/09/2012;55;1957;Acteurs;jean-pierre-lazzerini.jpg
Jean-Luc;Delarue;23/08/2012;48;1964;Animateurs;jean-luc-delarue.jpg
Tony;Scott;19/08/2012;68;1944;Réalisateurs;tony-scott.jpg
Michel;Polac;07/08/2012;82;1930;Journalistes;michel-polac.jpg
R.;G. Armstrong;27/07/2012;95;1917;Acteurs;r-g-armstrong.jpg
Maurice;Chevit;02/07/2012;88;1924;Acteurs;maurice-chevit.jpg
Robert;Sabatier;28/06/2012;88;1924;Écrivains;robert-sabatier.jpg
Richard;Lynch;19/06/2012;72;1940;Acteurs;richard-lynch.jpg
Thierry;Roland;16/06/2012;74;1938;Animateurs;thierry-roland.jpg
Elinor;Ostrom;12/06/2012;78;1934;Economistes;elinor-ostrom.jpg
Jean-Louis;Richard;03/06/2012;85;1927;Acteurs;jean-louis-richard.jpg
Éric;Charden;29/04/2012;69;1943;Chanteurs;eric-charden.jpg
Roland;Moreno;29/04/2012;66;1946;Inventeurs;roland-moreno.jpg
Dick;Clark;18/04/2012;82;1930;Animateurs;dick-clark.webp
Jim;Marshall;05/04/2012;88;1924;Personnalités d’affaires;jim-marshall.jpg
Claude;Miller;05/04/2012;70;1942;Réalisateurs;claude-miller.jpg
Warren;Stevens;27/03/2012;92;1920;Acteurs;warren-stevens.jpg
Michel;Duchaussoy;13/03/2012;73;1939;Acteurs;michel-duchaussoy.jpg
Pierre;Tornade;07/03/2012;82;1930;Acteurs;pierre-tornade.jpg
Gérard;Rinaldi;02/03/2012;69;1943;Acteurs;gerard-rinaldi.jpg
Maurice;André;25/02/2012;78;1934;Musiciens;maurice-andre.jpg
Jacques;Duby;15/02/2012;89;1923;Acteurs;jacques-duby.jpg
Sophie;Desmarets;13/02/2012;89;1923;Acteurs;sophie-desmarets.jpg
Whitney;Houston;11/02/2012;48;1964;Chanteurs;whitney-houston.jpg
Theo;Angelopoulos;24/01/2012;76;1936;Réalisateurs;theo-angelopoulos.jpg
James;Avery;31/12/2013;68;1945;Acteurs;james-avery.jpg
Mikhaïl;Kalachnikov;23/12/2013;94;1919;Ingénieurs;mikhail-kalachnikov.jpg
Jean-Louis;Foulquier;10/12/2013;70;1943;Animateurs;jean-louis-foulquier.jpg
Eleanor;Parker;09/12/2013;91;1922;Acteurs;eleanor-parker.jpg
Georges;Lautner;22/11/2013;87;1926;Réalisateurs;georges-lautner.jpg
Sylvia;Browne;20/11/2013;77;1936;Divers;sylvia-browne.jpg
Gérard;de Villiers;31/10/2013;83;1930;Écrivains;gerard-de-villiers.jpg
Lou;Reed;27/10/2013;71;1942;Chanteurs;lou-reed.webp
Georges;Descrières;19/10/2013;83;1930;Acteurs;georges-descrieres.jpg
Ed;Lauter;16/10/2013;74;1939;Acteurs;ed-lauter.jpg
Giuliano;Gemma;01/10/2013;75;1938;Acteurs;giuliano-gemma.jpg
Gilles;Verlant;20/09/2013;56;1957;Journalistes;gilles-verlant.jpg
Hiroshi;Yamauchi;19/09/2013;85;1928;Personnalités d’affaires;hiroshi-yamauchi.jpg
Valérie;Benguigui;02/09/2013;52;1961;Acteurs;valerie-benguigui.jpg
Julie;Harris;24/08/2013;87;1926;Acteurs;julie-harris.jpg
Bernadette;Lafont;25/07/2013;74;1939;Acteurs;bernadette-lafont.jpg
Dennis;Farina;22/07/2013;69;1944;Acteurs;dennis-farina.webp
Jacques;Ramade;16/07/2013;84;1929;Acteurs;jacques-ramade.jpg
André;Verchuren;10/07/2013;92;1921;Musiciens;andre-verchuren.jpg
James;Gandolfini;19/06/2013;51;1962;Acteurs;james-gandolfini.jpg
Jirōemon;Kimura;12/06/2013;116;1897;Divers;jiroemon-kimura.jpg
Georges;Moustaki;23/05/2013;79;1934;Chanteurs;georges-moustaki.jpg
Steve;Forrest;18/05/2013;87;1926;Acteurs;steve-forrest.jpg
Mohammad;Omar;23/04/2013;53;1960;Responsables politiques;mohammad-omar.jpg
Jean-Paul;Bonnaire;28/03/2013;69;1944;Acteurs;jean-paul-bonnaire.jpg
Hugo;Chávez;05/03/2013;58;1955;Responsables politiques;hugo-chavez.jpg
Francis;Lemaire;05/03/2013;76;1937;Acteurs;francis-lemaire.jpg
Jérôme;Savary;04/03/2013;70;1943;Metteurs en scène;jerome-savary.jpg
Daniel;Darc;28/02/2013;53;1960;Chanteurs;daniel-darc.webp
Dale;Robertson;27/02/2013;89;1924;Acteurs;dale-robertson.jpg
Jacques;Chancel;22/12/2014;86;1928;Journalistes;jacques-chancel.jpg
Joe;Cocker;22/12/2014;70;1944;Chanteurs;joe-cocker.jpg
Virna;Lisi;18/12/2014;78;1936;Acteurs;virna-lisi.jpg
Hélène;Duc;23/11/2014;97;1917;Acteurs;helene-duc.jpg
Françoise;Bertin;26/10/2014;89;1925;Acteurs;francoise-bertin.jpg
Oscar;de la Renta;20/10/2014;82;1932;Créateurs de mode;oscar-de-la-renta.jpg
Jean-Claude;Duvalier;04/10/2014;63;1951;Responsables politiques;jean-claude-duvalier.jpg
Yves;Marchesseau;29/09/2014;62;1952;Animateurs;yves-marchesseau.jpg
Richard;Kiel;10/09/2014;74;1940;Acteurs;richard-kiel.jpg
Pierre;Vassiliu;17/08/2014;76;1938;Chanteurs;pierre-vassiliu.jpg
Menie;Grégoire;16/08/2014;95;1919;Journalistes;menie-gregoire.jpg
Robin;Williams;11/08/2014;63;1951;Humoristes;robin-williams.jpg
James;Garner;19/07/2014;86;1928;Acteurs;james-garner.jpg
Hervé;Cristiani;16/07/2014;66;1948;Chanteurs;herve-cristiani.jpg
Alfredo;Di Stéfano;07/07/2014;88;1926;Sportifs;alfredo-di-stefano.jpg
Eli;Wallach;24/06/2014;98;1916;Acteurs;eli-wallach.jpg
Karlheinz;Böhm;29/05/2014;86;1928;Acteurs;karlheinz-bohm.jpg
Wojciech;Jaruzelski;25/05/2014;90;1924;Responsables politiques;wojciech-jaruzelski.jpg
Jean;Gaven;05/05/2014;96;1918;Acteurs;jean-gaven.jpg
Bob;Hoskins;29/04/2014;71;1943;Acteurs;bob-hoskins.jpg
Gabriel;García Márquez;17/04/2014;87;1927;Écrivains;gabriel-garcia-marquez.jpg
Dominique;Baudis;10/04/2014;66;1948;Journalistes;dominique-baudis.jpg
Mickey;Rooney;06/04/2014;93;1921;Acteurs;mickey-rooney.jpg
Marc;Blondel;16/03/2014;75;1939;Syndicalistes;marc-blondel.jpg
Alain;Resnais;01/03/2014;91;1923;Réalisateurs;alain-resnais.jpg
Harold;Ramis;24/02/2014;69;1945;Acteurs;harold-ramis.jpg
Shirley;Temple;10/02/2014;85;1929;Acteurs;shirley-temple.jpg
Philip;Seymour Hoffman;02/02/2014;46;1968;Acteurs;philip-seymour-hoffman.jpg
François;Cavanna;29/01/2014;90;1924;Dessinateurs;francois-cavanna.jpg
François;Deguelt;22/01/2014;81;1933;Chanteurs;francois-deguelt.jpg
Claudio;Abbado;20/01/2014;80;1934;Chefs d'orchestre;claudio-abbado.jpg
Lemmy;Kilmister;28/12/2015;70;1945;Chanteurs;lemmy-kilmister.jpg
Jean-Marie;Pelt;23/12/2015;82;1933;Scientifiques;jean-marie-pelt.jpg
Madame;Claude;19/12/2015;92;1923;Divers;madame-claude.jpg
Laurent;Violet;04/12/2015;50;1965;Humoristes;laurent-violet.jpg
Jonah;Lomu;18/11/2015;40;1975;Sportifs;jonah-lomu.jpg
Pat;Eddery;10/11/2015;63;1952;Sportifs;pat-eddery.jpg
Helmut;Schmidt;10/11/2015;96;1919;Responsables politiques;helmut-schmidt.jpg
Maureen;O'Hara;24/10/2015;95;1920;Acteurs;maureen-ohara.jpg
Leny;Escudero;09/10/2015;82;1933;Chanteurs;leny-escudero.jpg
Yves;Barsacq;04/10/2015;84;1931;Acteurs;yves-barsacq.jpg
Guy;Béart;16/09/2015;85;1930;Chanteurs;guy-beart.jpg
Fred;DeLuca;14/09/2015;67;1948;Personnalités d’affaires;fred-deluca.webp
Sylvie;Joly;04/09/2015;80;1935;Acteurs;sylvie-joly.jpg
Wes;Craven;30/08/2015;76;1939;Réalisateurs;wes-craven.jpg
Satoru;Iwata;11/07/2015;55;1960;Développeurs;satoru-iwata.jpg
Christian;Audigier;09/07/2015;57;1958;Divers;christian-audigier.jpg
Nicholas;Winton;01/07/2015;106;1909;Divers;nicholas-winton.jpg
Alain;De Greef;29/06/2015;68;1947;Producteurs;alain-de-greef.jpg
Laura;Antonelli;22/06/2015;73;1942;Acteurs;laura-antonelli.jpg
Michel;Lis;09/06/2015;78;1937;Animateurs;michel-lis.jpg
Christopher;Lee;07/06/2015;93;1922;Acteurs;christopher-lee.jpg
Maïa;Plissetskaïa;02/05/2015;89;1926;Danseurs;maia-plissetskaia.jpg
;Patachou;30/04/2015;96;1919;Chanteurs;patachou.jpg
Jean;Lescot;29/04/2015;76;1939;Acteurs;jean-lescot.jpg
Richard;Anthony;19/04/2015;77;1938;Chanteurs;richard-anthony.jpg
Anne-Marie;Peysson;14/04/2015;79;1936;Journalistes;anne-marie-peysson.jpg
Percy;Sledge;14/04/2015;74;1941;Chanteurs;percy-sledge.jpg
Günter;Grass;13/04/2015;87;1928;Écrivains;gunter-grass.jpg
Nina;Companeez;09/04/2015;77;1938;Écrivains;nina-companeez.jpg
James;Best;06/04/2015;88;1927;Acteurs;james-best.jpg
Gérard;Calvi;20/02/2015;92;1923;Compositeurs;gerard-calvi.jpg
Michele;Ferrero;14/02/2015;89;1926;Marques de fondateurs;michele-ferrero.jpg
Roger;Hanin;11/02/2015;89;1926;Acteurs;roger-hanin.jpg
Corinne;Le Poulain;10/02/2015;66;1949;Acteurs;corinne-le-poulain.jpg
Geraldine;McEwan;30/01/2015;82;1933;Acteurs;geraldine-mcewan.jpg
Abdallah;ben Abdelaziz Al Saoud;23/01/2015;90;1925;Milliardaires;abdallah-ben-abdelaziz-al-saoud.jpg
;Cabu;07/01/2015;76;1939;Dessinateurs;cabu.jpg
;Charb;07/01/2015;47;1968;Dessinateurs;charb.jpg
Rod;Taylor;07/01/2015;84;1931;Acteurs;rod-taylor.jpg
Georges;Wolinski;07/01/2015;80;1935;Dessinateurs;georges-wolinski.jpg
Marcel;Cuvelier;06/01/2015;90;1925;Acteurs;marcel-cuvelier.jpg
Claude;Chamboissier;04/01/2015;64;1951;Musiciens;claude-chamboissier.jpg
Ferdi;Kübler;29/12/2016;97;1919;Sportifs;ferdi-kubler.jpg
George;Michael;25/12/2016;53;1963;Chanteurs;george-michael.jpg
Michèle;Morgan;20/12/2016;96;1920;Acteurs;michele-morgan.jpg
Zsa;Zsa Gabor;18/12/2016;99;1917;Acteurs;zsa-zsa-gabor.jpg
Léo;Marjane;18/12/2016;104;1912;Chanteurs;leo-marjane.jpg
Bernard;Fox;14/12/2016;89;1927;Acteurs;bernard-fox.jpg
Fidel;Castro;25/11/2016;90;1926;Responsables politiques;fidel-castro.jpg
Nadine;Alari;24/11/2016;89;1927;Acteurs;nadine-alari.jpg
Lupita;Tovar;12/11/2016;106;1910;Acteurs;lupita-tovar.jpg
Robert;Vaughn;11/11/2016;83;1933;Acteurs;robert-vaughn.jpg
Oleg;Popov;02/11/2016;86;1930;Humoristes;oleg-popov.jpg
Georges;Jouvin;24/10/2016;93;1923;Musiciens;georges-jouvin.jpg
Clément;Michu;21/10/2016;85;1931;Acteurs;clement-michu.jpg
Pierre;Étaix;13/10/2016;87;1929;Réalisateurs;pierre-etaix.jpg
Rama;IX;13/10/2016;88;1928;Noblesse et royautés;rama-ix.jpg
Pierre;Tchernia;08/10/2016;88;1928;Réalisateurs;pierre-tchernia.jpg
Smaïl;Mekki;02/10/2016;66;1950;Acteurs;smail-mekki.jpg
Shimon;Peres;28/09/2016;93;1923;Responsables politiques;shimon-peres.jpg
Arnold;Palmer;25/09/2016;87;1929;Sportifs;arnold-palmer.jpg
Islam;Karimov;02/09/2016;78;1938;Responsables politiques;islam-karimov.jpg
Sonia;Rykiel;25/08/2016;86;1930;Créateurs de mode;sonia-rykiel.jpg
Jacqueline;Pagnol;22/08/2016;95;1921;Acteurs;jacqueline-pagnol.jpg
João;Havelange;16/08/2016;100;1916;Personnalités d’affaires;joao-havelange.jpg
Françoise;Mallet-Joris;13/08/2016;86;1930;Écrivains;francoise-mallet-joris.jpg
Michael;Cimino;02/07/2016;77;1939;Réalisateurs;michael-cimino.jpg
Roger;Dumas;02/07/2016;84;1932;Acteurs;roger-dumas.jpg
Michel;Rocard;02/07/2016;85;1931;Responsables politiques;michel-rocard.jpg
Elie;Wiesel;02/07/2016;87;1929;Écrivains;elie-wiesel.jpg
Bud;Spencer;27/06/2016;86;1930;Acteurs;bud-spencer.jpg
Mohamed;Ali;03/06/2016;74;1942;Sportifs;mohamed-ali.jpg
André;Rousselet;29/05/2016;93;1923;Personnalités d’affaires;andre-rousselet.jpg
Jean-Claude;Decaux;27/05/2016;78;1938;Personnalités d’affaires;jean-claude-decaux.jpg
François;Maistre;16/05/2016;91;1925;Acteurs;francois-maistre.jpg
William;Schallert;08/05/2016;93;1923;Acteurs;william-schallert.jpg
Isao;Tomita;05/05/2016;84;1932;Compositeurs;isao-tomita.jpg
Hubert;Mounier;02/05/2016;53;1963;Chanteurs;hubert-mounier.jpg
Billy;Paul;24/04/2016;81;1935;Chanteurs;billy-paul.jpg
Maurice;Favières;11/04/2016;93;1923;Animateurs;maurice-favieres.jpg
Alain;Decaux;27/03/2016;90;1926;Animateurs;alain-decaux.jpg
Johan;Cruyff;24/03/2016;68;1948;Sportifs;johan-cruyff.jpg
Andrew;Grove;21/03/2016;79;1937;Ingénieurs;andrew-grove.jpg
George;Martin;08/03/2016;90;1926;Producteurs;george-martin.jpg
Michel;Jaouen;07/03/2016;95;1921;Religieux;michel-jaouen.jpg
Nancy;Reagan;06/03/2016;94;1922;Premières dames;nancy-reagan.webp
George;Kennedy;28/02/2016;91;1925;Acteurs;george-kennedy.jpg
Umberto;Eco;19/02/2016;84;1932;Écrivains;umberto-eco.jpg
Andrzej;Żuławski;17/02/2016;75;1941;Réalisateurs;andrzej-uawski.jpg
Boutros;Boutros-Ghali;16/02/2016;93;1923;Responsables politiques;boutros-boutros-ghali.jpg
Maurice;White;04/02/2016;74;1942;Chanteurs;maurice-white.jpg
Jacques;Rivette;29/01/2016;87;1929;Réalisateurs;jacques-rivette.jpg
Abe;Vigoda;26/01/2016;94;1922;Acteurs;abe-vigoda.jpg
Michel;Tournier;18/01/2016;91;1925;Écrivains;michel-tournier.jpg
René;Angélil;14/01/2016;73;1943;Producteurs;rene-angelil.jpg
David;Bowie;10/01/2016;69;1947;Chanteurs;david-bowie.jpg
Yves;Vincent;06/01/2016;94;1922;Acteurs;yves-vincent.jpg
Michel;Galabru;04/01/2016;93;1923;Acteurs;michel-galabru.jpg
André;Turcat;04/01/2016;94;1922;Aviateurs;andre-turcat.jpg
Michel;Delpech;02/01/2016;69;1947;Chanteurs;michel-delpech.jpg
Gualtiero;Marchesi;26/12/2017;87;1930;Cuisiniers;gualtiero-marchesi.jpg
August;Ames;05/12/2017;23;1994;Acteurs;august-ames.jpg
Jean;d'Ormesson;05/12/2017;92;1925;Écrivains;jean-dormesson.jpg
Johnny;Hallyday;05/12/2017;74;1943;Chanteurs;johnny-hallyday.jpg
Jean;Anglade;22/11/2017;102;1915;Écrivains;jean-anglade.jpg
Malcolm;Young;18/11/2017;64;1953;Musiciens;malcolm-young.jpg
Robert;Hirsch;16/11/2017;92;1925;Acteurs;robert-hirsch.jpg
Lil;Peep;15/11/2017;21;1996;Chanteurs;lil-peep.jpg
John;Hillerman;09/11/2017;84;1933;Acteurs;john-hillerman.jpg
Fats;Domino;24/10/2017;89;1928;Chanteurs;fats-domino.jpg
Philippe;Vecchi;24/10/2017;53;1964;Journalistes;philippe-vecchi.jpg
Edmond;Maire;01/10/2017;86;1931;Syndicalistes;edmond-maire.jpg
Hugh;Hefner;27/09/2017;91;1926;Éditeurs;hugh-hefner.jpg
Gérard;Palaprat;25/09/2017;67;1950;Chanteurs;gerard-palaprat.jpg
Gisèle;Casadesus;24/09/2017;103;1914;Acteurs;gisele-casadesus.jpg
Liliane;Bettencourt;21/09/2017;94;1923;Personnalités d’affaires;liliane-bettencourt.jpg
Paul;Wermus;17/09/2017;71;1946;Journalistes;paul-wermus.jpg
Pierre;Bergé;08/09/2017;86;1931;Personnalités d’affaires;pierre-berge.jpg
Richard;Anderson;31/08/2017;91;1926;Acteurs;richard-anderson.jpg
Mireille;Darc;28/08/2017;79;1938;Acteurs;mireille-darc.jpg
Tobe;Hooper;26/08/2017;74;1943;Réalisateurs;tobe-hooper.jpg
Alain;Berberian;22/08/2017;64;1953;Réalisateurs;alain-berberian.jpg
Jerry;Lewis;20/08/2017;91;1926;Acteurs;jerry-lewis.webp
Colin;Meads;20/08/2017;81;1936;Sportifs;colin-meads.jpg
Maria;Candido;11/08/2017;94;1923;Chanteurs;maria-candido.jpg
Nicole;Bricq;06/08/2017;70;1947;Responsables politiques;nicole-bricq.jpg
Christian;Millau;05/08/2017;88;1929;Écrivains;christian-millau.jpg
Jean-Claude;Bouillon;31/07/2017;75;1942;Acteurs;jean-claude-bouillon.jpg
Jeanne;Moreau;31/07/2017;89;1928;Acteurs;jeanne-moreau.jpg
Michel;Durafour;27/07/2017;97;1920;Responsables politiques;michel-durafour.jpg
John;Heard;21/07/2017;71;1946;Acteurs;john-heard.webp
Chester;Bennington;20/07/2017;41;1976;Chanteurs;chester-bennington.jpg
Claude;Rich;20/07/2017;88;1929;Acteurs;claude-rich.jpg
Max;Gallo;18/07/2017;85;1932;Écrivains;max-gallo.jpg
George;A. Romero;16/07/2017;77;1940;Réalisateurs;george-a-romero.jpg
Alain;Senderens;25/06/2017;77;1940;Cuisiniers;alain-senderens.jpg
;Prodigy;20/06/2017;42;1975;Chanteurs;prodigy.jpg
Christian;Cabrol;16/06/2017;91;1926;Médecins;christian-cabrol.jpg
Jean-Marc;Thibault;28/05/2017;93;1924;Acteurs;jean-marc-thibault.jpg
Jared;Martin;24/05/2017;75;1942;Acteurs;jared-martin.jpg
Roger;Moore;23/05/2017;89;1928;Acteurs;roger-moore.jpg
Chris;Cornell;18/05/2017;52;1965;Chanteurs;chris-cornell.jpg
Victor;Lanoux;04/05/2017;80;1937;Acteurs;victor-lanoux.jpg
Erin;Moran;22/04/2017;56;1961;Acteurs;erin-moran.jpg
David;Rockefeller;20/03/2017;101;1916;Personnalités d’affaires;david-rockefeller.jpg
Chuck;Berry;18/03/2017;90;1927;Chanteurs;chuck-berry.webp
Jean-Christophe;Averty;04/03/2017;88;1929;Réalisateurs;jean-christophe-averty.jpg
Raymond;Kopa;03/03/2017;85;1932;Sportifs;raymond-kopa.jpg
René;Préval;03/03/2017;74;1943;Responsables politiques;rene-preval.jpg
Neil;Fingleton;25/02/2017;36;1981;Divers;neil-fingleton.jpg
Bill;Paxton;25/02/2017;61;1956;Acteurs;bill-paxton.jpg
Emmanuelle;Khanh;17/02/2017;79;1938;Créateurs de mode;emmanuelle-khanh.jpg
Al;Jarreau;12/02/2017;76;1941;Chanteurs;al-jarreau.webp
Jirō;Taniguchi;11/02/2017;69;1948;Dessinateurs;jiro-taniguchi.jpg
Emmanuelle;Riva;27/01/2017;89;1928;Acteurs;emmanuelle-riva.jpg
Mike;Connors;26/01/2017;91;1926;Acteurs;mike-connors.jpg
Eugene;Cernan;16/01/2017;82;1935;Astronautes;eugene-cernan.jpg
Mário;Soares;07/01/2017;92;1925;Responsables politiques;mario-soares.jpg
François;Chérèque;02/01/2017;60;1957;Syndicalistes;francois-chereque.jpg
Jean;Vuarnet;02/01/2017;83;1934;Sportifs;jean-vuarnet.jpg
Donald;Moffat;20/12/2018;87;1931;Acteurs;donald-moffat.jpg
Bernard;Darty;15/12/2018;84;1934;Personnalités d’affaires;bernard-darty.jpg
Joseph;Joffo;06/12/2018;87;1931;Écrivains;joseph-joffo.jpg
Maria;Pacôme;01/12/2018;95;1923;Acteurs;maria-pacome.jpg
George;H. W. Bush;30/11/2018;94;1924;Responsables politiques;george-h-w-bush.jpg
Stephen;Hillenburg;26/11/2018;57;1961;Dessinateurs;stephen-hillenburg.jpg
Katherine;MacGregor;13/11/2018;93;1925;Acteurs;katherine-macgregor.jpg
Francis;Lai;07/11/2018;86;1932;Compositeurs;francis-lai.jpg
Sondra;Locke;03/11/2018;74;1944;Acteurs;sondra-locke.jpg
Philippe;Gildas;28/10/2018;82;1936;Animateurs;philippe-gildas.jpg
James;Karen;23/10/2018;94;1924;Acteurs;james-karen.jpg
Paul;Andreu;11/10/2018;80;1938;Architectes;paul-andreu.jpg
Jean;Lanzi;09/10/2018;84;1934;Journalistes;jean-lanzi.jpg
Venantino;Venantini;09/10/2018;88;1930;Acteurs;venantino-venantini.jpg
Montserrat;Caballé;06/10/2018;85;1933;Chanteurs;montserrat-caballe.jpg
Charles;Aznavour;01/10/2018;94;1924;Chanteurs;charles-aznavour.jpg
René;Pétillon;30/09/2018;72;1946;Dessinateurs;rene-petillon.jpg
Jean;Piat;18/09/2018;93;1925;Acteurs;jean-piat.jpg
Zienia;Merton;14/09/2018;72;1946;Acteurs;zienia-merton.jpg
Rachid;Taha;12/09/2018;59;1959;Chanteurs;rachid-taha.jpg
Mac;Miller;07/09/2018;26;1992;Chanteurs;mac-miller.jpg
John;McCain;25/08/2018;81;1937;Responsables politiques;john-mccain.jpg
Joël;Robuchon;06/08/2018;73;1945;Cuisiniers;joel-robuchon.jpg
Charlotte;Rae;05/08/2018;92;1926;Acteurs;charlotte-rae.jpg
Tab;Hunter;08/07/2018;86;1932;Acteurs;tab-hunter.jpg
Claude;Lanzmann;05/07/2018;92;1926;Réalisateurs;claude-lanzmann.jpg
France;Dougnac;04/07/2018;67;1951;Acteurs;france-dougnac.jpg
François;Corbier;01/07/2018;73;1945;Chanteurs;francois-corbier.jpg
Harlan;Ellison;28/06/2018;84;1934;Écrivains;harlan-ellison.jpg
;XXXTentacion;18/06/2018;20;1998;Chanteurs;xxxtentacion.jpg
Eunice;Gayson;08/06/2018;90;1928;Acteurs;eunice-gayson.jpg
Serge;Dassault;28/05/2018;93;1925;Personnalités d’affaires;serge-dassault.jpg
Pierre;Bellemare;26/05/2018;88;1930;Animateurs;pierre-bellemare.jpg
Roger;Piantoni;26/05/2018;86;1932;Sportifs;roger-piantoni.jpg
Philip;Roth;22/05/2018;85;1933;Écrivains;philip-roth.jpg
Joseph;Campanella;16/05/2018;93;1925;Acteurs;joseph-campanella.jpg
William;Vance;14/05/2018;82;1936;Dessinateurs;william-vance.jpg
Rose;Laurens;29/04/2018;67;1951;Chanteurs;rose-laurens.webp
Henri;Michel;24/04/2018;70;1948;Sportifs;henri-michel.jpg
Verne;Troyer;21/04/2018;49;1969;Acteurs;verne-troyer.jpg
Miloš;Forman;13/04/2018;86;1932;Réalisateurs;milos-forman.jpg
Jacques;Higelin;06/04/2018;77;1941;Chanteurs;jacques-higelin.jpg
Christophe;Salengro;30/03/2018;64;1954;Acteurs;christophe-salengro.jpg
Stéphane;Audran;27/03/2018;85;1933;Acteurs;stephane-audran.jpg
Hubert;de Givenchy;10/03/2018;91;1927;Créateurs de mode;hubert-de-givenchy.jpg
Marcel;Philippot;02/03/2018;64;1954;Acteurs;marcel-philippot.webp
;Sridevi;24/02/2018;54;1964;Acteurs;sridevi.jpg
John;Gavin;09/02/2018;86;1932;Acteurs;john-gavin.jpg
Ingvar;Kamprad;27/01/2018;91;1927;Personnalités d’affaires;ingvar-kamprad.jpg
Yves;Afonso;21/01/2018;73;1945;Acteurs;yves-afonso.jpg
Paul;Bocuse;20/01/2018;91;1927;Cuisiniers;paul-bocuse.jpg
Alain;Devaquet;19/01/2018;75;1943;Responsables politiques;alain-devaquet.jpg
Dorothy;Malone;19/01/2018;93;1925;Acteurs;dorothy-malone.jpg
Françoise;Dorin;12/01/2018;89;1929;Écrivains;francoise-dorin.jpg
France;Gall;07/01/2018;70;1948;Chanteurs;france-gall.jpg
Art;Sullivan;27/12/2019;69;1950;Chanteurs;art-sullivan.jpg
Emanuel;Ungaro;21/12/2019;86;1933;Créateurs de mode;emanuel-ungaro.jpg
Claudine;Auger;18/12/2019;78;1941;Acteurs;claudine-auger.jpg
Alain;Barrière;18/12/2019;84;1935;Compositeurs;alain-barriere.jpg
Anna;Karina;14/12/2019;79;1940;Acteurs;anna-karina.jpg
Bernard;Lavalette;14/12/2019;93;1926;Acteurs;bernard-lavalette.jpg
René;Auberjonois;08/12/2019;79;1940;Acteurs;rene-auberjonois.jpg
Fred;Mella;16/11/2019;95;1924;Chanteurs;fred-mella.jpg
Raymond;Poulidor;13/11/2019;83;1936;Sportifs;raymond-poulidor.jpg
Marie;Laforêt;02/11/2019;80;1939;Chanteurs;marie-laforet.jpg
Annick;Alane;28/10/2019;94;1925;Acteurs;annick-alane.jpg
Robert;Evans;26/10/2019;89;1930;Producteurs;robert-evans.jpg
Alicia;Alonso;17/10/2019;98;1921;Danseurs;alicia-alonso.jpg
Alexeï;Leonov;11/10/2019;85;1934;Astronautes;alexei-leonov.jpg
Eugène;Saccomano;07/10/2019;83;1936;Journalistes;eugene-saccomano.jpg
Dominique;Webb;01/10/2019;78;1941;Magiciens;dominique-webb.jpg
André;Gaillard;30/09/2019;91;1928;Humoristes;andre-gaillard.jpg
Jessye;Norman;30/09/2019;74;1945;Chanteurs;jessye-norman.jpg
Gaëlle;Voiry;28/09/2019;50;1969;Mannequins;gaelle-voiry.jpg
Jacques;Chirac;26/09/2019;86;1933;Responsables politiques;jacques-chirac.jpg
Zine;el-Abidine Ben Ali;19/09/2019;83;1936;Responsables politiques;zine-el-abidine-ben-ali.jpg
Robert;Mugabe;06/09/2019;95;1924;Responsables politiques;robert-mugabe.jpg
Ariane;Carletti;03/09/2019;61;1958;Animateurs;ariane-carletti.jpg
Bernard;Golay;30/08/2019;75;1944;Animateurs;bernard-golay.jpg
Michel;Aumont;28/08/2019;82;1937;Acteurs;michel-aumont.jpg
Nancy;Holloway;28/08/2019;86;1933;Chanteurs;nancy-holloway.jpg
Peter;Fonda;16/08/2019;79;1940;Acteurs;peter-fonda.jpg
DJ;Arafat;12/08/2019;33;1986;Chanteurs;dj-arafat.jpg
Jeffrey;Epstein;10/08/2019;66;1953;Personnalités d’affaires;jeffrey-epstein.jpg
Jean-Pierre;Mocky;08/08/2019;90;1929;Réalisateurs;jean-pierre-mocky.jpg
Toni;Morrison;05/08/2019;88;1931;Écrivains;toni-morrison.jpg
Jean-Claude;Bouttier;03/08/2019;74;1945;Sportifs;jean-claude-bouttier.jpg
Philippe;Ogouz;25/07/2019;79;1940;Acteurs;philippe-ogouz.jpg
Johnny;Clegg;16/07/2019;66;1953;Chanteurs;johnny-clegg.jpg
João;Gilberto;06/07/2019;88;1931;Chanteurs;joao-gilberto.jpg
Guillermo;Mordillo;29/06/2019;86;1933;Dessinateurs;guillermo-mordillo.jpg
Édith;Scob;26/06/2019;81;1938;Acteurs;edith-scob.jpg
Max;Wright;26/06/2019;75;1944;Acteurs;max-wright.jpg
Philippe;Zdar;19/06/2019;52;1967;Musiciens;philippe-zdar.jpg
Zappy;Max;16/06/2019;97;1922;Animateurs;zappy-max.jpg
Franco;Zeffirelli;15/06/2019;96;1923;Réalisateurs;franco-zeffirelli.jpg
Frank;Lucas;30/05/2019;88;1931;Criminels;frank-lucas.jpg
Niki;Lauda;20/05/2019;70;1949;Sportifs;niki-lauda.jpg
Mick;Micheyl;16/05/2019;97;1922;Chanteurs;mick-micheyl.jpg
Ieoh;Ming Pei;16/05/2019;102;1917;Architectes;ieoh-ming-pei.jpg
;Anémone;30/04/2019;68;1951;Acteurs;anemone.jpg
Peter;Mayhew;30/04/2019;74;1945;Acteurs;peter-mayhew.jpg
Dick;Rivers;24/04/2019;74;1945;Chanteurs;dick-rivers.jpg
Ken;Kercheval;21/04/2019;83;1936;Acteurs;ken-kercheval.jpg
;Caravelli;01/04/2019;88;1931;Compositeurs;caravelli.jpg
Agnès;Varda;29/03/2019;90;1929;Réalisateurs;agnes-varda.jpg
Jacques;Bodoin;08/03/2019;97;1922;Chanteurs;jacques-bodoin.jpg
Jacques;Loussier;05/03/2019;84;1935;Compositeurs;jacques-loussier.jpg
Keith;Flint;04/03/2019;49;1970;Chanteurs;keith-flint.jpg
Luke;Perry;04/03/2019;52;1967;Acteurs;luke-perry.jpg
Mark;Hollis;25/02/2019;64;1955;Chanteurs;mark-hollis.jpg
Bruno;Ganz;16/02/2019;77;1942;Acteurs;bruno-ganz.webp
Dick;Miller;30/01/2019;90;1929;Acteurs;dick-miller.jpg
Michel;Legrand;26/01/2019;86;1933;Compositeurs;michel-legrand.jpg
Patrick;Bricard;25/01/2019;78;1941;Acteurs;patrick-bricard.jpg
Marcel;Azzola;21/01/2019;91;1928;Musiciens;marcel-azzola.jpg
Henri;d'Orléans;21/01/2019;85;1934;Noblesse et royautés;henri-dorleans.jpg
Emiliano;Sala;21/01/2019;28;1991;Sportifs;emiliano-sala.jpg
François;Perrot;20/01/2019;94;1925;Acteurs;francois-perrot.jpg
Pierre;Cardin;29/12/2020;98;1922;Créateurs de mode;pierre-cardin.jpg
Alexi;Laiho;29/12/2020;41;1979;Chanteurs;alexi-laiho.jpg
Rika;Zaraï;23/12/2020;82;1938;Chanteurs;rika-zarai.jpg
Claude;Brasseur;22/12/2020;84;1936;Acteurs;claude-brasseur.jpg
Caroline;Cellier;15/12/2020;75;1945;Acteurs;caroline-cellier.jpg
Gérard;Houllier;14/12/2020;73;1947;Sportifs;gerard-houllier.jpg
Marc;Meneau;09/12/2020;77;1943;Cuisiniers;marc-meneau.jpg
Paolo;Rossi;09/12/2020;64;1956;Sportifs;paolo-rossi.jpg
Warren;Berlinger;02/12/2020;83;1937;Acteurs;warren-berlinger.jpg
Anne;Sylvestre;30/11/2020;86;1934;Chanteurs;anne-sylvestre.jpg
David;Prowse;28/11/2020;85;1935;Acteurs;david-prowse.jpg
Jean-Louis;Servan-Schreiber;28/11/2020;83;1937;Journalistes;jean-louis-servan-schreiber.jpg
Diego;Maradona;25/11/2020;60;1960;Sportifs;diego-maradona.jpg
Christophe;Dominici;24/11/2020;48;1972;Sportifs;christophe-dominici.jpg
Daniel;Cordier;20/11/2020;100;1920;Divers;daniel-cordier.jpg
Michel;Robin;18/11/2020;90;1930;Acteurs;michel-robin.jpg
Vincent;Reffet;17/11/2020;36;1984;Sportifs;vincent-reffet.jpg
Nelly;Kaplan;12/11/2020;89;1931;Écrivains;nelly-kaplan.jpg
;Piem;12/11/2020;97;1923;Dessinateurs;piem.jpg
Charles-Henri;Flammarion;09/11/2020;74;1946;Éditeurs;charles-henri-flammarion.jpg
Pierre;Simonet;05/11/2020;99;1921;Militaires;pierre-simonet.jpg
Ken;Hensley;04/11/2020;75;1945;Chanteurs;ken-hensley.jpg
Claude;Giraud;03/11/2020;84;1936;Acteurs;claude-giraud.jpg
Alain;Rey;28/10/2020;92;1928;Scientifiques;alain-rey.jpg
Marge;Champion;21/10/2020;101;1919;Danseurs;marge-champion.jpg
Viola;Smith;21/10/2020;107;1913;Musiciens;viola-smith.jpg
Rhonda;Fleming;14/10/2020;97;1923;Acteurs;rhonda-fleming.jpg
Eddie;Van Halen;06/10/2020;65;1955;Musiciens;eddie-van-halen.jpg
Wladimir;Yordanoff;06/10/2020;66;1954;Acteurs;wladimir-yordanoff.jpg
Pierre;Troisgros;23/09/2020;92;1928;Cuisiniers;pierre-troisgros.jpg
Ron;Cobb;21/09/2020;83;1937;Dessinateurs;ron-cobb.jpg
Bernard;Debré;13/09/2020;75;1945;Responsables politiques;bernard-debre.jpg
Roger;Carel;11/09/2020;93;1927;Acteurs;roger-carel.jpg
Christian;Poncelet;11/09/2020;92;1928;Responsables politiques;christian-poncelet.jpg
Diana;Rigg;10/09/2020;82;1938;Acteurs;diana-rigg.jpg
Annie;Cordy;04/09/2020;92;1928;Acteurs;annie-cordy.jpg
Chadwick;Boseman;28/08/2020;43;1977;Acteurs;chadwick-boseman.jpg
André-Paul;Duchâteau;26/08/2020;95;1925;Scénaristes;andre-paul-duchateau.jpg
Joe;Ruby;26/08/2020;87;1933;Dessinateurs;joe-ruby.jpg
;Kiraz;11/08/2020;96;1924;Dessinateurs;kiraz.jpg
Trini;Lopez;11/08/2020;83;1937;Chanteurs;trini-lopez.jpg
Alan;Parker;31/07/2020;76;1944;Réalisateurs;alan-parker.jpg
Albin;Chalandon;29/07/2020;100;1920;Responsables politiques;albin-chalandon.jpg
Gisèle;Halimi;28/07/2020;93;1927;Avocats;gisele-halimi.jpg
Olivia;de Havilland;26/07/2020;104;1916;Acteurs;olivia-de-havilland.jpg
John;Saxon;25/07/2020;83;1937;Acteurs;john-saxon.jpg
J.;J. Lionel;14/07/2020;72;1948;Chanteurs;j-j-lionel.jpg
Kelly;Preston;12/07/2020;57;1963;Acteurs;kelly-preston.jpg
Jean-François;Garreaud;09/07/2020;74;1946;Acteurs;jean-francois-garreaud.jpg
Naya;Rivera;08/07/2020;33;1987;Acteurs;naya-rivera.jpg
Hermine;de Clermont-Tonnerre;03/07/2020;54;1966;Divers;hermine-de-clermont-tonnerre.jpg
Carl;Reiner;29/06/2020;98;1922;Acteurs;carl-reiner.jpg
Milton;Glaser;26/06/2020;91;1929;Divers;milton-glaser.jpg
Patrick;Poivey;16/06/2020;72;1948;Acteurs;patrick-poivey.jpg
Jean;Raspail;13/06/2020;94;1926;Écrivains;jean-raspail.jpg
Marcel;Maréchal;11/06/2020;82;1938;Acteurs;marcel-marechal.jpg
;Christo;31/05/2020;84;1936;Sculpteurs;christo.jpg
Mady;Mesplé;30/05/2020;89;1931;Chanteurs;mady-mesple.jpg
Guy;Bedos;28/05/2020;85;1935;Humoristes;guy-bedos.jpg
Claude;Goasguen;28/05/2020;75;1945;Responsables politiques;claude-goasguen.jpg
Richard;Herd;26/05/2020;87;1933;Acteurs;richard-herd.jpg
Mory;Kanté;22/05/2020;70;1950;Chanteurs;mory-kante.jpg
Daniel;Cauchy;08/05/2020;90;1930;Acteurs;daniel-cauchy.jpg
Sam;Lloyd;30/04/2020;56;1964;Acteurs;sam-lloyd.jpg
Robert;Herbin;27/04/2020;81;1939;Sportifs;robert-herbin.jpg
Shirley;Knight;22/04/2020;83;1937;Acteurs;shirley-knight.jpg
Philippe;Nahon;19/04/2020;81;1939;Acteurs;philippe-nahon.jpg
Delphine;Serina;19/04/2020;49;1971;Acteurs;delphine-serina.jpg
;Christophe;16/04/2020;74;1946;Chanteurs;christophe.jpg
Luis;Sepúlveda;16/04/2020;70;1950;Écrivains;luis-sepulveda.jpg
Maurice;Barrier;12/04/2020;87;1933;Acteurs;maurice-barrier.jpg
Pierre;Bénichou;31/03/2020;82;1938;Journalistes;pierre-benichou.jpg
Pape;Diouf;31/03/2020;68;1952;Journalistes;pape-diouf.jpg
Krzysztof;Penderecki;29/03/2020;86;1934;Compositeurs;krzysztof-penderecki.jpg
Patrick;Devedjian;28/03/2020;75;1945;Responsables politiques;patrick-devedjian.jpg
Michel;Hidalgo;26/03/2020;87;1933;Sportifs;michel-hidalgo.webp
Manu;Dibango;24/03/2020;86;1934;Musiciens;manu-dibango.jpg
Albert;Uderzo;24/03/2020;92;1928;Dessinateurs;albert-uderzo.jpg
Patrick;Le Lay;18/03/2020;77;1943;Personnalités d’affaires;patrick-le-lay.jpg
Lyle;Waggoner;17/03/2020;84;1936;Acteurs;lyle-waggoner.jpg
Stuart;Whitman;16/03/2020;92;1928;Acteurs;stuart-whitman.jpg
Suzy;Delair;15/03/2020;102;1918;Acteurs;suzy-delair.jpg
Tonie;Marshall;12/03/2020;68;1952;Réalisateurs;tonie-marshall.jpg
Didier;Bezace;11/03/2020;74;1946;Acteurs;didier-bezace.jpg
Max;von Sydow;08/03/2020;90;1930;Acteurs;max-von-sydow.jpg
Hervé;Bourges;23/02/2020;86;1934;Journalistes;herve-bourges.jpg
Michel;Charasse;21/02/2020;78;1942;Responsables politiques;michel-charasse.jpg
Graeme;Allwright;16/02/2020;93;1927;Chanteurs;graeme-allwright.jpg
Claire;Bretécher;11/02/2020;79;1941;Dessinateurs;claire-bretecher.jpg
Mirella;Freni;09/02/2020;84;1936;Chanteurs;mirella-freni.jpg
Roger;Holeindre;30/01/2020;90;1930;Militaires;roger-holeindre.jpg
Kobe;Bryant;26/01/2020;41;1979;Sportifs;kobe-bryant.jpg
;Michou;26/01/2020;88;1932;Personnalités d’affaires;michou.jpg
Terry;Jones;21/01/2020;77;1943;Acteurs;terry-jones.jpg
Betty;White;31/12/2021;99;1922;Acteurs;betty-white.jpg
Grichka;Bogdanoff;28/12/2021;72;1949;Animateurs;grichka-bogdanoff.jpg
Marcel;Meys;15/12/2021;112;1909;Divers;marcel-meys.jpg
Anne;Rice;11/12/2021;80;1941;Écrivains;anne-rice.jpg
Stephen;Sondheim;26/11/2021;91;1930;Compositeurs;stephen-sondheim.jpg
Frederik;Willem de Klerk;11/11/2021;85;1936;Avocats;frederik-willem-de-klerk.jpg
Dean;Stockwell;07/11/2021;85;1936;Acteurs;dean-stockwell.webp
James;Michael Tyler;24/10/2021;59;1962;Acteurs;james-michael-tyler.jpg
Hubert;Germain;12/10/2021;101;1920;Divers;hubert-germain.jpg
Étienne;Mougeotte;07/10/2021;81;1940;Journalistes;etienne-mougeotte.jpg
Jules;Théobald;05/10/2021;112;1909;Divers;jules-theobald.jpg
Michel;Tubiana;02/10/2021;68;1953;Avocats;michel-tubiana.jpg
Paul;Quilès;24/09/2021;79;1942;Responsables politiques;paul-quiles.jpg
Willie;Garson;21/09/2021;57;1964;Acteurs;willie-garson.jpg
René;Malleville;19/09/2021;73;1948;Divers;rene-malleville.jpg
Abdelaziz;Bouteflika;17/09/2021;84;1937;Responsables politiques;abdelaziz-bouteflika.webp
Nino;Castelnuovo;06/09/2021;84;1937;Acteurs;nino-castelnuovo.jpg
Edward;Asner;29/08/2021;91;1930;Acteurs;edward-asner.jpg
Charlie;Watts;24/08/2021;80;1941;Musiciens;charlie-watts.jpg
Michael;Nader;23/08/2021;76;1945;Acteurs;michael-nader.jpg
Sonny;Chiba;19/08/2021;82;1939;Acteurs;sonny-chiba.jpg
Dusty;Hill;27/07/2021;72;1949;Chanteurs;dusty-hill.jpg
Henri;Vernes;25/07/2021;102;1919;Écrivains;henri-vernes.jpg
Jean-Yves;Lafesse;22/07/2021;64;1957;Humoristes;jean-yves-lafesse.webp
Marion;Sarraut;12/07/2021;82;1939;Réalisateurs;marion-sarraut.jpg
Renée;Simonot;11/07/2021;109;1912;Acteurs;renee-simonot.jpg
Raffaella;Carrà;05/07/2021;78;1943;Chanteurs;raffaella-carra.jpg
Axel;Kahn;05/07/2021;76;1945;Scientifiques;axel-kahn.jpg
William;Smith;05/07/2021;88;1933;Acteurs;william-smith.jpg
Fernand;Guiot;26/06/2021;88;1933;Acteurs;fernand-guiot.jpg
John;McAfee;23/06/2021;75;1946;Ingénieurs;john-mcafee.jpg
Nikita;Mandryka;13/06/2021;80;1941;Dessinateurs;nikita-mandryka.jpg
Romain;Bouteille;31/05/2021;84;1937;Acteurs;romain-bouteille.webp
Gavin;MacLeod;29/05/2021;90;1931;Acteurs;gavin-macleod.webp
Eric;Carle;23/05/2021;91;1930;Écrivains;eric-carle.jpg
Robert;Marchand;22/05/2021;109;1912;Sportifs;robert-marchand.jpg
Charles;Grodin;18/05/2021;86;1935;Acteurs;charles-grodin.jpg
Norman;Lloyd;11/05/2021;106;1915;Acteurs;norman-lloyd.jpg
Jacques;d'Amboise;03/05/2021;86;1935;Danseurs;jacques-damboise.jpg
Marc;Dudicourt;01/05/2021;88;1933;Acteurs;marc-dudicourt.jpg
Anne;Buydens;29/04/2021;102;1919;Producteurs;anne-buydens.jpg
Michael;Collins;28/04/2021;90;1931;Astronautes;michael-collins.jpg
Christa;Ludwig;24/04/2021;93;1928;Chanteurs;christa-ludwig.jpg
Marc;Ferro;21/04/2021;96;1925;Historiens;marc-ferro.jpg
Idriss;Déby;20/04/2021;68;1953;Responsables politiques;idriss-deby.jpg
Walter;Mondale;19/04/2021;93;1928;Responsables politiques;walter-mondale.jpg
Hubert;Faure;17/04/2021;106;1915;Militaires;hubert-faure.jpg
Éric;Raoult;16/04/2021;65;1956;Responsables politiques;eric-raoult.jpg
Michel;Louvain;14/04/2021;83;1938;Chanteurs;michel-louvain.jpg
Bernard;Madoff;14/04/2021;82;1939;Personnalités d’affaires;bernard-madoff.jpg
Philip;Mountbatten;09/04/2021;99;1922;Noblesse et royautés;philip-mountbatten.jpg
Lee;Aaker;01/04/2021;77;1944;Acteurs;lee-aaker.jpg
Gérard;Filippelli;30/03/2021;78;1943;Acteurs;gerard-filippelli.jpg
Bertrand;Tavernier;25/03/2021;79;1942;Réalisateurs;bertrand-tavernier.jpg
George;Segal;23/03/2021;87;1934;Acteurs;george-segal.webp
John;Magufuli;17/03/2021;61;1960;Responsables politiques;john-magufuli.jpg
Marvin;Hagler;13/03/2021;66;1955;Sportifs;marvin-hagler.jpg
Renée;Doria;06/03/2021;100;1921;Chanteurs;renee-doria.jpg
Bunny;Wailer;02/03/2021;73;1948;Chanteurs;bunny-wailer.webp
Lawrence;Ferlinghetti;22/02/2021;101;1920;Écrivains;lawrence-ferlinghetti.jpg
Philippe;Brizard;20/02/2021;87;1934;Acteurs;philippe-brizard.jpg
Philippe;Chatel;19/02/2021;72;1949;Chanteurs;philippe-chatel.jpg
Arturo;Di Modica;19/02/2021;80;1941;Sculpteurs;arturo-di-modica.jpg
Tonton;David;16/02/2021;53;1968;Chanteurs;tonton-david.jpg
Raymond;Lévesque;15/02/2021;92;1929;Chanteurs;raymond-levesque.jpg
Larry;Flynt;10/02/2021;78;1943;Éditeurs;larry-flynt.jpg
Chick;Corea;09/02/2021;79;1942;Musiciens;chick-corea.jpg
Mary;Wilson;08/02/2021;76;1945;Chanteurs;mary-wilson.jpg
Jean;Josselin;07/02/2021;81;1940;Sportifs;jean-josselin.jpg
Christopher;Plummer;05/02/2021;91;1930;Acteurs;christopher-plummer.jpg
Jean-Pierre;Bastiat;03/02/2021;71;1950;Sportifs;jean-pierre-bastiat.jpg
Tony;Trabert;03/02/2021;90;1931;Sportifs;tony-trabert.jpg
Michel;Le Bris;30/01/2021;76;1945;Écrivains;michel-le-bris.jpg
Cicely;Tyson;28/01/2021;96;1925;Acteurs;cicely-tyson.jpg
Marcel;Uderzo;24/01/2021;87;1934;Dessinateurs;marcel-uderzo.jpg
Larry;King;23/01/2021;87;1934;Animateurs;larry-king.jpg
Mira;Furlan;20/01/2021;65;1956;Acteurs;mira-furlan.jpg
Jean-Pierre;Bacri;18/01/2021;69;1952;Acteurs;jean-pierre-bacri.jpg
Catherine;Rich;18/01/2021;88;1933;Acteurs;catherine-rich.jpg
Benjamin;de Rothschild;15/01/2021;57;1964;Personnalités d’affaires;benjamin-de-rothschild.jpg
Étienne;Draber;11/01/2021;81;1940;Acteurs;etienne-draber.jpg
Hubert;Auriol;10/01/2021;68;1953;Sportifs;hubert-auriol.jpg
John;Lutz;09/01/2021;81;1940;Écrivains;john-lutz.jpg
Tanya;Roberts;04/01/2021;71;1950;Acteurs;tanya-roberts.jpg
Jacques;Sereys;31/12/2022;94;1928;Acteurs;jacques-sereys.jpg
Benoît;XVI;31/12/2022;95;1927;Religieux;benoit-xvi.jpg
;Pelé;29/12/2022;82;1940;Sportifs;pele.jpg
Vivienne;Westwood;29/12/2022;81;1941;Créateurs de mode;vivienne-westwood.jpg
Linda;de Suza;28/12/2022;74;1948;Chanteurs;linda-de-suza.jpg
Françoise;Bourdin;25/12/2022;70;1952;Écrivains;francoise-bourdin.jpg
Philippe;Streiff;23/12/2022;67;1955;Sportifs;philippe-streiff.jpg
Jacques;Ciron;07/12/2022;94;1928;Acteurs;jacques-ciron.jpg
Patrick;Tambay;04/12/2022;73;1949;Sportifs;patrick-tambay.jpg
Dominique;Lapierre;02/12/2022;91;1931;Écrivains;dominique-lapierre.jpg
Mylène;Demongeot;01/12/2022;87;1935;Acteurs;mylene-demongeot.png
Irene;Cara;25/11/2022;63;1959;Chanteurs;irene-cara.jpg
Pierre;Soulages;25/10/2022;102;1920;Peintres;pierre-soulages.jpg
Dietrich;Mateschitz;22/10/2022;78;1944;Personnalités d’affaires;dietrich-mateschitz.jpg
Jean;Teulé;18/10/2022;69;1953;Écrivains;jean-teule.jpg
Robbie;Coltrane;14/10/2022;72;1950;Acteurs;robbie-coltrane.jpg
Bruno;Latour;09/10/2022;75;1947;Scientifiques;bruno-latour.jpg
Martine;Allain-Regnault;08/10/2022;85;1937;Journalistes;martine-allain-regnault.jpg
Louise;Fletcher;23/09/2022;88;1934;Acteurs;louise-fletcher.jpg
Irène;Papas;14/09/2022;93;1929;Acteurs;irene-papas.jpg
Élisabeth;II;08/09/2022;96;1926;Noblesse et royautés;elisabeth-ii.jpg
Marsha;Hunt;07/09/2022;104;1918;Acteurs;marsha-hunt.jpg
Charlbi;Dean;29/08/2022;32;1990;Acteurs;charlbi-dean.jpg
Roger;E. Mosley;07/08/2022;83;1939;Acteurs;roger-e-mosley.jpg
Daniel;Lévi;06/08/2022;60;1962;Chanteurs;daniel-levi.jpg
Bill;Russell;31/07/2022;88;1934;Sportifs;bill-russell.jpg
Paul;Sorvino;25/07/2022;83;1939;Acteurs;paul-sorvino.jpg
;Dani;18/07/2022;77;1945;Chanteurs;dani.jpg
Ivana;Trump;14/07/2022;73;1949;Divers;ivana-trump.jpg
Chantal;Gallia;10/07/2022;66;1956;Humoristes;chantal-gallia.jpg
Shinzō;Abe;08/07/2022;67;1955;Responsables politiques;shinzo-abe.jpg
Tony;Sirico;08/07/2022;79;1943;Acteurs;tony-sirico.jpg
Micheline;Boudet;05/07/2022;96;1926;Acteurs;micheline-boudet.jpg
Vladimir;Zelenko;30/06/2022;48;1974;Médecins;vladimir-zelenko.jpg
Jean-Louis;Trintignant;17/06/2022;91;1931;Acteurs;jean-louis-trintignant.jpg
Henri;Garcin;13/06/2022;94;1928;Acteurs;henri-garcin.jpg
Gilberto;Rodríguez Orejuela;31/05/2022;83;1939;Criminels;gilberto-rodriguez-orejuela.jpg
Andrew;Fletcher;26/05/2022;60;1962;Musiciens;andrew-fletcher.jpg
;Vangelis;17/05/2022;79;1943;Compositeurs;vangelis.jpg
Hélène;de Saint-Père;04/05/2022;58;1964;Acteurs;helene-de-saint-pere.jpg
David;Birney;27/04/2022;83;1939;Acteurs;david-birney.jpg
Klaus;Schulze;26/04/2022;74;1948;Compositeurs;klaus-schulze.jpg
;Arno;23/04/2022;72;1950;Chanteurs;arno.jpg
Kane;Tanaka;19/04/2022;119;1903;Divers;kane-tanaka.jpg
Michel;Bouquet;13/04/2022;96;1926;Acteurs;michel-bouquet.jpg
Claude;Véga;11/04/2022;91;1931;Humoristes;claude-vega.jpg
Michel;Delebarre;09/04/2022;75;1947;Responsables politiques;michel-delebarre.jpg
Stanisław;Kowalski;05/04/2022;111;1911;Sportifs;stanislaw-kowalski.jpg
Patrick;Demarchelier;31/03/2022;78;1944;Photographes;patrick-demarchelier.jpg
Madeleine;Albright;23/03/2022;84;1938;Responsables politiques;madeleine-albright.jpg
Pierre;Papadiamandis;22/03/2022;85;1937;Compositeurs;pierre-papadiamandis.jpg
Yvan;Colonna;21/03/2022;61;1961;Criminels;yvan-colonna.jpg
William;Hurt;13/03/2022;71;1951;Acteurs;william-hurt.webp
;Amarande;11/03/2022;88;1934;Acteurs;amarande.jpg
Jean-Pierre;Pernaut;02/03/2022;71;1951;Journalistes;jean-pierre-pernaut.jpg
Farrah;Forke;25/02/2022;54;1968;Acteurs;farrah-forke.jpg
Ivan;Reitman;12/02/2022;75;1947;Réalisateurs;ivan-reitman.jpg
André;Wilms;09/02/2022;74;1948;Acteurs;andre-wilms.jpg
Monica;Vitti;02/02/2022;90;1932;Acteurs;monica-vitti.jpg
René;de Obaldia;27/01/2022;103;1919;Écrivains;rene-de-obaldia.jpg
Thierry;Mugler;23/01/2022;73;1949;Créateurs de mode;thierry-mugler.jpg
Meat;Loaf;20/01/2022;74;1948;Chanteurs;meat-loaf.jpg
Saturnino;de la Fuente García;18/01/2022;112;1910;Divers;saturnino-de-la-fuente-garcia.jpg
Ricardo;Bofill;14/01/2022;82;1940;Architectes;ricardo-bofill.jpg
Ronnie;Spector;12/01/2022;78;1944;Chanteurs;ronnie-spector.jpg
Stéphane;Blet;07/01/2022;52;1970;Musiciens;stephane-blet.jpg
Sidney;Poitier;06/01/2022;94;1928;Réalisateurs;sidney-poitier.jpg
Tom;Wilkinson;30/12/2023;75;1948;Acteurs;tom-wilkinson.jpg
Guy;Marchand;15/12/2023;86;1937;Acteurs;guy-marchand.jpg
Ryan;O'Neal;08/12/2023;82;1941;Acteurs;ryan-oneal.jpg
Gérard;Collomb;25/11/2023;76;1947;Responsables politiques;gerard-collomb.jpg
Rona;Hartner;23/11/2023;50;1973;Acteurs;rona-hartner.jpg
Rosalynn;Carter;19/11/2023;96;1927;Premières dames;rosalynn-carter.jpg
Colette;Maze;19/11/2023;109;1914;Musiciens;colette-maze.jpg
Frank;Borman;07/11/2023;95;1928;Astronautes;frank-borman.jpg
Francis;Mer;31/10/2023;84;1939;Responsables politiques;francis-mer.jpg
Matthew;Perry;28/10/2023;54;1969;Acteurs;matthew-perry.jpg
Richard;Roundtree;24/10/2023;81;1942;Acteurs;richard-roundtree.jpg
Bobby;Charlton;21/10/2023;86;1937;Sportifs;bobby-charlton.jpg
Suzanne;Somers;15/10/2023;76;1947;Acteurs;suzanne-somers.jpg
Jean-Roger;Milo;12/10/2023;66;1957;Acteurs;jean-roger-milo.jpg
Burt;Young;08/10/2023;83;1940;Acteurs;burt-young.jpg
Jean-Pierre;Elkabbach;03/10/2023;86;1937;Journalistes;jean-pierre-elkabbach.jpg
Catherine;Lachens;27/09/2023;78;1945;Acteurs;catherine-lachens.jpg
David;McCallum;25/09/2023;90;1933;Acteurs;david-mccallum.jpg
Roger;Whittaker;12/09/2023;87;1936;Chanteurs;roger-whittaker.jpg
Frédérique;Hébrard;07/09/2023;96;1927;Acteurs;frederique-hebrard.jpg
José;Sébéloué;03/09/2023;74;1949;Chanteurs;jose-sebeloue.jpg
Hersha;Parady;23/08/2023;78;1945;Acteurs;hersha-parady.jpg
Wahid;Bouzidi;20/08/2023;45;1978;Humoristes;wahid-bouzidi.jpg
Antonella;Lualdi;10/08/2023;92;1931;Acteurs;antonella-lualdi.jpg
Hélène;Carrère d'Encausse;05/08/2023;94;1929;Écrivains;helene-carrere-dencausse.jpg
Marwan;Berreni;04/08/2023;34;1989;Acteurs;marwan-berreni.jpg
Jango;Edwards;04/08/2023;73;1950;Humoristes;jango-edwards.jpg
Angus;Cloud;31/07/2023;25;1998;Acteurs;angus-cloud.jpg
Jane;Birkin;16/07/2023;76;1947;Acteurs;jane-birkin.jpg
Milan;Kundera;11/07/2023;94;1929;Écrivains;milan-kundera.jpg
Serge;Vieira;01/07/2023;46;1977;Cuisiniers;serge-vieira.jpg
Carmen;Sevilla;27/06/2023;92;1931;Acteurs;carmen-sevilla.jpg
John;B. Goodenough;25/06/2023;100;1923;Scientifiques;john-b-goodenough.jpg
Claude;Sarraute;20/06/2023;95;1928;Journalistes;claude-sarraute.jpg
Silvio;Berlusconi;12/06/2023;86;1937;Personnalités d’affaires;silvio-berlusconi.jpg
Alain;Touraine;09/06/2023;97;1926;Scientifiques;alain-touraine.jpg
Françoise;Gilot;06/06/2023;101;1922;Peintres;francoise-gilot.jpg
Guillaume;Bats;01/06/2023;36;1987;Humoristes;guillaume-bats.jpg
Jean-Louis;Murat;25/05/2023;71;1952;Chanteurs;jean-louis-murat.jpg
Tina;Turner;24/05/2023;83;1940;Chanteurs;tina-turner.jpg
Helmut;Berger;18/05/2023;78;1945;Acteurs;helmut-berger.jpg
Georges;Kiejman;09/05/2023;90;1933;Avocats;georges-kiejman.jpg
Philippe;Sollers;05/05/2023;86;1937;Écrivains;philippe-sollers.jpg
Jerry;Springer;27/04/2023;79;1944;Animateurs;jerry-springer.jpg
Mary;Quant;13/04/2023;93;1930;Créateurs de mode;mary-quant.jpg
Jacques;Gaillot;12/04/2023;87;1936;Religieux;jacques-gaillot.jpg
Ryūichi;Sakamoto;28/03/2023;71;1952;Chefs d'orchestre;ryuichi-sakamoto.jpg
Marion;Game;23/03/2023;84;1939;Acteurs;marion-game.jpg
Dick;Fosbury;12/03/2023;76;1947;Sportifs;dick-fosbury.jpg
Michel;Peyramaure;11/03/2023;101;1922;Écrivains;michel-peyramaure.jpg
Just;Fontaine;01/03/2023;89;1934;Sportifs;just-fontaine.webp
Roland;Faure;25/02/2023;96;1927;Personnalités d’affaires;roland-faure.jpg
Simone;Segouin;21/02/2023;97;1926;Divers;simone-segouin.jpg
Jenny;Clève;17/02/2023;92;1931;Acteurs;jenny-cleve.jpg
Raquel;Welch;15/02/2023;82;1941;Acteurs;raquel-welch.jpg
Alain;Goraguer;13/02/2023;91;1932;Compositeurs;alain-goraguer.jpg
Leiji;Matsumoto;13/02/2023;85;1938;Dessinateurs;leiji-matsumoto.jpg
Louis;Velle;03/02/2023;96;1927;Acteurs;louis-velle.jpg
Jean-Pierre;Jabouille;02/02/2023;80;1943;Sportifs;jean-pierre-jabouille.jpg
Marcel;Zanini;18/01/2023;99;1924;Chanteurs;marcel-zanini.jpg
Lucile;Randon;17/01/2023;118;1905;Divers;lucile-randon.jpg
Lisa;Marie Presley;12/01/2023;54;1969;Chanteurs;lisa-marie-presley.jpg
Constantin;II;10/01/2023;82;1941;Noblesse et royautés;constantin-ii.jpg
Jocelyne;Wildenstein;31/12/2024;79;1945;Divers;jocelyne-wildenstein.jpg
Tomiko;Itooka;29/12/2024;116;1908;Divers;tomiko-itooka.jpg
Dayle;Haddon;27/12/2024;76;1948;Acteurs;dayle-haddon.jpg
Rik;Van Looy;17/12/2024;90;1934;Sportifs;rik-van-looy.jpg
André;Lajoinie;26/11/2024;94;1930;Responsables politiques;andre-lajoinie.jpg
Earl;Holliman;25/11/2024;96;1928;Acteurs;earl-holliman.jpg
John;Tinniswood;25/11/2024;112;1912;Divers;john-tinniswood.jpg
Bernadette;Després;19/11/2024;83;1941;Dessinateurs;bernadette-despres.jpg
Michael;Hübner;12/11/2024;65;1959;Sportifs;michael-hubner.jpg
Geneviève;Grad;07/11/2024;80;1944;Acteurs;genevieve-grad.jpg
Quincy;Jones;03/11/2024;91;1933;Producteurs;quincy-jones.webp
Liam;Payne;16/10/2024;31;1993;Chanteurs;liam-payne.jpg
;Job;08/10/2024;96;1928;Scénaristes;job.jpg
Pierre;Christin;02/10/2024;86;1938;Scénaristes;pierre-christin.jpg
Kris;Kristofferson;28/09/2024;88;1936;Acteurs;kris-kristofferson.jpg
Jean-Michel;Dupuis;14/09/2024;69;1955;Acteurs;jean-michel-dupuis.jpg
Didier;Roustan;11/09/2024;66;1958;Journalistes;didier-roustan.jpg
James;Earl Jones;09/09/2024;93;1931;Acteurs;james-earl-jones.jpg
James;Darren;02/09/2024;88;1936;Acteurs;james-darren.jpg
Michel;Guérard;19/08/2024;91;1933;Cuisiniers;michel-guerard.jpg
Alain;Delon;18/08/2024;88;1936;Acteurs;alain-delon.jpg
Louis;Mermaz;15/08/2024;92;1932;Responsables politiques;louis-mermaz.jpg
Gena;Rowlands;14/08/2024;94;1930;Acteurs;gena-rowlands.jpg
Pascal;Danel;25/07/2024;80;1944;Chanteurs;pascal-danel.jpg
Paul;Lederman;21/07/2024;84;1940;Producteurs;paul-lederman.jpg
Shannen;Doherty;13/07/2024;53;1971;Acteurs;shannen-doherty.webp
Jean-Pierre;Descombes;30/06/2024;76;1948;Animateurs;jean-pierre-descombes.jpg
Bill;Cobbs;25/06/2024;90;1934;Acteurs;bill-cobbs.jpg
Françoise;Hardy;11/06/2024;80;1944;Chanteurs;francoise-hardy.jpg
;Ben;05/06/2024;88;1936;Divers;ben.jpg
Henri;Nallet;29/05/2024;85;1939;Responsables politiques;henri-nallet.jpg
Marie-France;Garaud;22/05/2024;90;1934;Responsables politiques;marie-france-garaud.jpg
Jean-Claude;Gaudin;20/05/2024;84;1940;Responsables politiques;jean-claude-gaudin.jpg
Renaud;Van Ruymbeke;10/05/2024;71;1953;Divers;renaud-van-ruymbeke.jpg
Bernard;Pivot;06/05/2024;89;1935;Journalistes;bernard-pivot.jpg
Géraldine;Carré;03/05/2024;54;1970;Animateurs;geraldine-carre.jpg
Jean-Pierre;Ferland;27/04/2024;89;1935;Chanteurs;jean-pierre-ferland.jpg
O.;J. Simpson;10/04/2024;76;1948;Sportifs;o-j-simpson.jpg
Peter;Higgs;08/04/2024;94;1930;Scientifiques;peter-higgs.jpg
Juan;Vicente Pérez Mora;02/04/2024;114;1910;Divers;juan-vicente-perez-mora.jpg
Daniel;Kahneman;27/03/2024;90;1934;Economistes;daniel-kahneman.jpg
Sylvain;Augier;16/03/2024;68;1956;Animateurs;sylvain-augier.jpg
Philippe;de Gaulle;13/03/2024;102;1922;Responsables politiques;philippe-de-gaulle.jpg
Paul;Alexander;11/03/2024;78;1946;Divers;paul-alexander.jpg
Jean-Pierre;Bourtayre;04/03/2024;82;1942;Compositeurs;jean-pierre-bourtayre.jpg
Akira;Toriyama;01/03/2024;68;1956;Dessinateurs;akira-toriyama.jpg
Micheline;Presle;21/02/2024;101;1923;Acteurs;micheline-presle.jpg
Alexeï;Navalny;16/02/2024;47;1977;Responsables politiques;alexei-navalny.jpg
Robert;Badinter;09/02/2024;95;1929;Responsables politiques;robert-badinter.jpg
René;Chateau;05/02/2024;84;1940;Éditeurs;rene-chateau.jpg
Jean;Malaurie;05/02/2024;101;1923;Scientifiques;jean-malaurie.jpg
Don;Murray;02/02/2024;94;1930;Acteurs;don-murray.jpg
Carl;Weathers;02/02/2024;76;1948;Acteurs;carl-weathers.jpg
Norman;Jewison;20/01/2024;97;1927;Réalisateurs;norman-jewison.jpg
Laurence;Badie;11/01/2024;95;1929;Acteurs;laurence-badie.jpg
Glynis;Johns;04/01/2024;100;1924;Acteurs;glynis-johns.jpg
René;Metge;03/01/2024;82;1942;Sportifs;rene-metge.jpg
Brigitte;Bardot;28/12/2025;91;1934;Acteurs;brigitte-bardot.jpg
Chris;Rea;22/12/2025;74;1951;Chanteurs;chris-rea.jpg
Claude;Berda;19/12/2025;78;1947;Personnalités d’affaires;claude-berda.jpg
;Édika;16/12/2025;84;1941;Dessinateurs;edika.jpg
Gil;Gerard;16/12/2025;82;1943;Acteurs;gil-gerard.jpg
Françoise;Brion;12/12/2025;92;1933;Acteurs;francoise-brion.jpg
Sophie;Kinsella;10/12/2025;55;1970;Écrivains;sophie-kinsella.jpg
Martin;Parr;06/12/2025;73;1952;Photographes;martin-parr.jpg
Frank;Gehry;05/12/2025;96;1929;Architectes;frank-gehry.jpg
Tom;Stoppard;29/11/2025;88;1937;Écrivains;tom-stoppard.jpg
Ingrid;van Bergen;28/11/2025;94;1931;Acteurs;ingrid-van-bergen.jpg
;Biyouna;25/11/2025;73;1952;Chanteurs;biyouna.jpg
Jimmy;Cliff;24/11/2025;81;1944;Chanteurs;jimmy-cliff.jpg
;Dharmendra;24/11/2025;89;1936;Acteurs;dharmendra.jpg
Ornella;Vanoni;21/11/2025;91;1934;Chanteurs;ornella-vanoni.jpg
André;Chandernagor;18/11/2025;104;1921;Responsables politiques;andre-chandernagor.jpg
Xavier;Emmanuelli;16/11/2025;87;1938;Responsables politiques;xavier-emmanuelli.jpg
Lenny;Wilkens;09/11/2025;88;1937;Sportifs;lenny-wilkens.jpg
Diane;Ladd;03/11/2025;89;1936;Acteurs;diane-ladd.jpg
Tchéky;Karyo;31/10/2025;72;1953;Acteurs;tcheky-karyo.jpg
Peter;Watkins;31/10/2025;90;1935;Réalisateurs;peter-watkins.jpg
Charles;Coste;30/10/2025;101;1924;Sportifs;charles-coste.jpg
Richard;Bonnot;28/10/2025;67;1958;Acteurs;richard-bonnot.jpg
Jack;DeJohnette;26/10/2025;83;1942;Musiciens;jack-dejohnette.jpg
Björn;Andrésen;25/10/2025;70;1955;Acteurs;bjorn-andresen.jpg
André;Herrero;23/10/2025;87;1938;Sportifs;andre-herrero.jpg
Daniel;Naroditsky;19/10/2025;29;1996;Joueurs d'échecs;daniel-naroditsky.jpg
Ace;Frehley;16/10/2025;74;1951;Musiciens;ace-frehley.jpg
Jean-René;Godart;15/10/2025;74;1951;Journalistes;jean-rene-godart.jpg
Diane;Keaton;11/10/2025;79;1946;Acteurs;diane-keaton.jpg
Xavier;Durringer;04/10/2025;61;1964;Réalisateurs;xavier-durringer.jpg
Jane;Goodall;01/10/2025;91;1934;Scientifiques;jane-goodall.jpg
Claudia;Cardinale;23/09/2025;87;1938;Acteurs;claudia-cardinale.jpg
Robert;Redford;16/09/2025;89;1936;Acteurs;robert-redford.jpg
Lyad;Smain;12/09/2025;26;1999;Acteurs;lyad-smain.jpg
Charly;Oleg;08/09/2025;94;1931;Musiciens;charly-oleg.jpg
Jean;Pormanove;18/08/2025;46;1979;Personnalités des réseaux sociaux;jean-pormanove.jpg
Nicolas;Beaucaire;13/08/2025;52;1973;Acteurs;nicolas-beaucaire.jpg
James;Lovell;07/08/2025;97;1928;Astronautes;james-lovell.jpg
Hulk;Hogan;24/07/2025;71;1954;Sportifs;hulk-hogan.jpg
Felix;Baumgartner;17/07/2025;56;1969;Sportifs;felix-baumgartner.jpg
Loïk;Le Floch-Prigent;16/07/2025;81;1944;Ingénieurs;loik-le-floch-prigent.jpg
Thierry;Ardisson;14/07/2025;76;1949;Animateurs;thierry-ardisson.jpg
Fauja;Singh;14/07/2025;114;1911;Sportifs;fauja-singh.jpg
Bun;Hay Mean;10/07/2025;43;1982;Acteurs;bun-hay-mean.jpg
Olivier;Marleix;07/07/2025;54;1971;Responsables politiques;olivier-marleix.jpg
Julian;McMahon;02/07/2025;56;1969;Acteurs;julian-mcmahon.jpg
Lea;Massari;23/06/2025;91;1934;Acteurs;lea-massari.jpg
Frederick;W. Smith;21/06/2025;80;1945;Personnalités d’affaires;frederick-w-smith.jpg
Harris;Yulin;10/06/2025;87;1938;Acteurs;harris-yulin.jpg
Nicole;Croisille;04/06/2025;88;1937;Chanteurs;nicole-croisille.jpg
Philippe;Labro;04/06/2025;88;1937;Journalistes;philippe-labro.jpg
Jean;Tiberi;27/05/2025;90;1935;Responsables politiques;jean-tiberi.jpg
Daniel;Bilalian;14/05/2025;78;1947;Journalistes;daniel-bilalian.jpg
Joe;Don Baker;07/05/2025;89;1936;Acteurs;joe-don-baker.jpg
Inah;Canabarro Lucas;30/04/2025;116;1909;Divers;inah-canabarro-lucas.jpg
Richard;Chamberlain;29/03/2025;90;1935;Acteurs;richard-chamberlain.jpg
Émilie;Dequenne;16/03/2025;43;1982;Acteurs;emilie-dequenne.jpg
Jean-Louis;Debré;04/03/2025;80;1945;Responsables politiques;jean-louis-debre.jpg
Herbert;Léonard;02/03/2025;80;1945;Chanteurs;herbert-leonard.jpg
Michelle;Trachtenberg;26/02/2025;39;1986;Acteurs;michelle-trachtenberg.jpg
Jean;Sarrus;19/02/2025;79;1946;Acteurs;jean-sarrus.jpg
Gene;Hackman;18/02/2025;95;1930;Acteurs;gene-hackman.jpg
Paul-Loup;Sulitzer;05/02/2025;78;1947;Personnalités d’affaires;paul-loup-sulitzer.jpg
Marianne;Faithfull;30/01/2025;78;1947;Chanteurs;marianne-faithfull.jpg
Catherine;Laborde;28/01/2025;73;1952;Animateurs;catherine-laborde.jpg
Bertrand;Blier;20/01/2025;85;1940;Réalisateurs;bertrand-blier.jpg
David;Lynch;16/01/2025;78;1947;Réalisateurs;david-lynch.jpg
Jean-Luc;Petitrenaud;10/01/2025;74;1951;Animateurs;jean-luc-petitrenaud.jpg
Gilles;Dreu;07/01/2025;90;1935;Chanteurs;gilles-dreu.jpg
Benoît;Allemane;05/01/2025;82;1943;Acteurs;benoit-allemane.jpg
Claude;Allègre;04/01/2025;87;1938;Responsables politiques;claude-allegre.jpg
Howard;Buten;03/01/2025;74;1951;Écrivains;howard-buten.jpg
Valerie;Perrine;23/03/2026;82;1944;Acteurs;valerie-perrine.webp
Lionel;Jospin;22/03/2026;88;1938;Responsables politiques;lionel-jospin.webp
Nicholas;Brendon;20/03/2026;54;1972;Acteurs;nicholas-brendon.webp
Chuck;Norris;19/03/2026;86;1940;Acteurs;chuck-norris.webp
Matt;Clark;15/03/2026;89;1937;;matt-clark.webp
Bruno;Salomone;15/03/2026;55;1971;Acteurs;bruno-salomone.webp
Jürgen;Habermas;14/03/2026;96;1930;Philosophes;jurgen-habermas.webp
Eric;Dane;19/02/2026;53;1973;Acteurs;eric-dane.jpg
Jesse;Jackson;17/02/2026;84;1942;Religieux;jesse-jackson.jpg
Robert;Duvall;15/02/2026;95;1931;Acteurs;robert-duvall.jpg
James;Van Der Beek;11/02/2026;48;1978;Acteurs;james-van-der-beek.webp
Brad;Arnold;07/02/2026;47;1979;Chanteurs;brad-arnold.jpg
Catherine;O'Hara;30/01/2026;71;1955;Acteurs;catherine-ohara.jpg
Michel;Barbey;24/01/2026;98;1928;Acteurs;michel-barbey.jpg
Dino;Attanasio;17/01/2026;100;1926;Dessinateurs;dino-attanasio.jpg
Catherine;Samie;12/01/2026;92;1934;Acteurs;catherine-samie.jpg
Béla;Tarr;06/01/2026;70;1956;Réalisateurs;bela-tarr.jpg
